id,start_time,stop_time,trial,photostim_onset,photostim_power,photostim_duration,trial_uid,task,task_protocol,trial_instruction,early_lick,outcome,auto_water,free_water,delay_start_times,delay_stop_times,go_start_times,go_stop_times,left_lick_times,photostim_start_times,photostim_stop_times,presample_start_times,presample_stop_times,right_lick_times,sample_start_times,sample_stop_times
0,0.0,4.9341,1,N/A,N/A,N/A,1,audio delay,1,right,no early,hit,0,0,1.8903,3.0903,3.0903,3.1403,[],[],[],0.5,0.51,"[3.3991, 3.5386, 3.7577, 3.9185, 4.1151, 4.2948]",1.2403,1.8903
1,6.7364,11.841,2,N/A,N/A,N/A,2,audio delay,1,right,no early,hit,0,0,8.7735,9.9735,9.9735,10.0235,[],[],[],7.2364,7.2464,"[10.306, 10.4792, 10.6634, 10.8357]",8.1235,8.7735
2,13.6355,19.169,3,N/A,N/A,N/A,3,audio delay,1,right,no early,hit,0,0,15.4827,17.2827,17.2827,17.3327,[],[],[],14.1355,14.1455,"[17.634, 17.8355, 17.9773, 18.1544, 18.3401]",14.8327,15.4827
3,20.9602,25.821,4,N/A,N/A,N/A,4,audio delay,1,right,no early,hit,0,0,22.7875,23.9875,23.9875,24.0375,[],[],[],21.4602,21.4702,"[24.286, 24.48, 24.6299, 24.8021, 24.9655, 25.1203]",22.1375,22.7875
4,27.6141,32.8899,5,N/A,N/A,N/A,5,audio delay,1,left,early,hit,0,0,30.0105,31.2105,31.2105,31.2605,"[31.3549, 31.481, 31.6946, 31.8275, 31.9995, 32.2255]",[],[],28.1141,28.1241,29.2605,"[28.8243, 29.3605]","[29.2605, 30.0105]"
5,34.6859,39.5452,6,N/A,N/A,N/A,6,audio delay,1,left,no early,hit,0,0,36.5364,37.7364,37.7364,37.7864,"[38.0102, 38.1374, 38.299, 38.4813]",[],[],35.1859,35.1959,[],35.8864,36.5364
6,41.3409,46.2791,7,N/A,N/A,N/A,7,audio delay,1,left,no early,hit,0,0,43.3981,44.5981,44.5981,44.6481,"[44.7441, 44.7889, 44.921, 45.0758, 45.2347, 45.3929, 45.5857, 45.7926, 45.9529]",[],[],41.8409,41.8509,[],42.7481,43.3981
7,48.0766,53.0094,8,N/A,N/A,N/A,8,audio delay,1,left,no early,hit,0,0,50.1027,51.3027,51.3027,51.3527,"[51.4744, 51.5825, 51.7279, 51.8888, 52.0821, 52.1163, 52.2701, 52.4731]",[],[],48.5766,48.5866,[],49.4527,50.1027
8,54.8068,60.2759,9,N/A,N/A,N/A,9,audio delay,1,right,no early,hit,0,0,56.6522,57.8522,57.8522,57.9022,[],[],[],55.3068,55.3168,"[58.7409, 58.9111, 59.0885, 59.2793]",56.0022,56.6522
9,62.0746,67.1271,10,N/A,N/A,N/A,10,audio delay,1,right,no early,hit,0,0,64.0099,65.2099,65.2099,65.2599,[],[],[],62.5746,62.5846,"[65.5921, 65.8328, 65.9627, 66.107]",63.3599,64.0099
10,68.9268,74.5953,11,N/A,N/A,N/A,11,audio delay,1,right,no early,hit,0,0,70.9724,72.7724,72.7724,72.8224,[],[],[],69.4268,69.4368,"[73.0603, 73.4353, 73.5959, 73.7843, 73.9758]",70.3224,70.9724
11,76.3967,81.2381,12,2.579,5.500,0.5000,12,audio delay,1,right,no early,hit,0,0,78.2752,79.4752,79.4752,79.5252,[],78.9757,79.4757,76.8967,76.9067,"[79.7031, 79.8031, 79.975, 80.1699, 80.3477, 80.5283, 80.6956]",77.6252,78.2752
12,83.0402,87.9788,13,N/A,N/A,N/A,13,audio delay,1,left,no early,hit,0,0,85.0995,86.2995,86.2995,86.3495,"[86.4438, 86.5543, 86.7408, 86.9029, 87.0944, 87.2476]",[],[],83.5402,83.5502,[],84.4495,85.0995
13,89.7837,93.9841,14,N/A,N/A,N/A,14,audio delay,1,right,no early,miss,0,0,91.6022,92.8022,92.8022,92.8522,93.4841,[],[],90.2837,90.2937,"[93.7393, 93.931]",90.9522,91.6022
14,95.7871,100.693,15,N/A,N/A,N/A,15,audio delay,1,right,no early,hit,0,0,97.697,98.897,98.897,98.947,[],[],[],96.2871,96.2971,"[99.158, 99.259, 99.4773, 99.6199, 99.8345, 100.0173]",97.047,97.697
15,102.4991,107.3945,16,N/A,N/A,N/A,16,audio delay,1,right,no early,hit,0,0,104.4378,105.6378,105.6378,105.6878,[],[],[],102.9991,103.0091,"[105.8595, 105.9953, 106.186, 106.354, 106.5236]",103.7878,104.4378
16,109.2027,114.0592,17,N/A,N/A,N/A,17,audio delay,1,right,no early,hit,0,0,111.085,112.285,112.285,112.335,[],[],[],109.7027,109.7127,"[112.5242, 112.6519, 112.8391, 113.0068, 113.1862]",110.435,111.085
17,115.8684,120.5964,18,N/A,N/A,N/A,18,audio delay,1,left,no early,hit,0,0,117.7085,118.9085,118.9085,118.9585,"[119.0614, 119.1125, 119.2441, 119.4012, 119.5647, 119.7292, 119.9479]",[],[],116.3684,116.3784,[],117.0585,117.7085
18,122.4053,127.2719,19,N/A,N/A,N/A,19,audio delay,1,left,no early,hit,0,0,124.2472,125.4472,125.4472,125.4972,"[125.7369, 125.8947, 126.064, 126.2425, 126.4644, 126.6288]",[],[],122.9053,122.9153,[],123.5972,124.2472
19,129.0841,133.8539,20,N/A,N/A,N/A,20,audio delay,1,left,no early,hit,0,0,130.9802,132.1802,132.1802,132.2302,"[132.3189, 132.4541, 132.6355, 132.7583, 132.9353, 133.1228]",[],[],129.5841,129.5941,[],130.3302,130.9802
20,135.666,139.8482,21,N/A,N/A,N/A,21,audio delay,1,right,no early,miss,0,0,137.5896,138.7896,138.7896,138.8396,139.3482,[],[],136.166,136.176,[],136.9396,137.5896
21,141.6604,147.1147,22,N/A,N/A,N/A,22,audio delay,1,right,no early,hit,0,0,143.6559,144.8559,144.8559,144.9059,[],[],[],142.1604,142.1704,"[145.5797, 145.7721, 145.9156, 146.0841, 146.257]",143.0059,143.6559
22,148.9292,153.9456,23,N/A,N/A,N/A,23,audio delay,1,right,no early,hit,0,0,150.9335,152.1335,152.1335,152.1835,[],[],[],149.4292,149.4392,"[152.4106, 152.5569, 152.7467, 152.9124, 153.102]",150.2835,150.9335
23,155.7648,160.6512,24,N/A,N/A,N/A,24,audio delay,1,left,no early,hit,0,0,157.6675,158.8675,158.8675,158.9175,"[159.1162, 159.2734, 159.4796, 159.6378, 159.8059]",[],[],156.2648,156.2748,[],157.0175,157.6675
24,162.4702,167.3684,25,N/A,N/A,N/A,25,audio delay,1,right,no early,hit,0,0,164.3155,165.5155,165.5155,165.5655,[],[],[],162.9702,162.9802,"[165.8334, 166.01, 166.1813]",163.6655,164.3155
25,169.1874,174.1576,26,N/A,N/A,N/A,26,audio delay,1,right,no early,hit,0,0,171.0984,172.2984,172.2984,172.3484,[],[],[],169.6874,169.6974,"[172.6226, 172.8098, 172.9775, 173.1524, 173.3499]",170.4484,171.0984
26,175.9785,181.0415,27,2.628,5.500,0.5000,27,audio delay,1,right,no early,hit,0,0,177.9069,179.1069,179.1069,179.1569,[],178.6065,179.1065,176.4785,176.4885,"[179.5065, 179.7112, 179.8868, 180.0596, 180.214]",177.2569,177.9069
27,182.8617,187.69,28,N/A,N/A,N/A,28,audio delay,1,right,no early,hit,0,0,184.7789,185.9789,185.9789,186.0289,[],[],[],183.3617,183.3717,"[186.155, 186.246, 186.4096, 186.6175, 186.7621, 186.9495, 187.1264]",184.1289,184.7789
28,189.5123,194.4497,29,N/A,N/A,N/A,29,audio delay,1,left,no early,hit,0,0,191.5634,192.7634,192.7634,192.8134,"[192.9147, 193.0902, 193.2445, 193.4532, 193.608]",[],[],190.0123,190.0223,[],190.9134,191.5634
29,196.2741,200.2068,30,N/A,N/A,N/A,30,audio delay,1,right,no early,miss,0,0,198.2126,199.4126,199.4126,199.4626,199.7068,[],[],196.7741,196.7841,"[200.021, 200.1576]",197.5626,198.2126
30,202.1733,207.1188,31,2.529,5.500,0.5000,31,audio delay,1,right,no early,hit,0,0,204.0021,205.2021,205.2021,205.2521,[],204.7023,205.2023,202.6733,202.6833,"[205.5838, 205.7693, 205.942, 206.1377]",203.3521,204.0021
31,208.9466,213.967,32,2.642,5.500,0.5000,32,audio delay,1,right,no early,hit,0,0,210.8883,212.0883,212.0883,212.1383,[],211.5886,212.0886,209.4466,209.4566,"[212.432, 212.6324, 212.8028, 212.9615, 212.989, 213.1526]",210.2383,210.8883
32,215.7925,220.9268,33,N/A,N/A,N/A,33,audio delay,1,right,no early,hit,0,0,217.8519,219.0519,219.0519,219.1019,[],[],[],216.2925,216.3025,"[219.3918, 219.5886, 219.7652, 219.9544]",217.2019,217.8519
33,222.7549,228.1545,34,N/A,N/A,N/A,34,audio delay,1,left,no early,hit,0,0,224.6364,226.4364,226.4364,226.4864,"[226.6195, 226.752, 226.9123, 227.1113, 227.2741, 227.4329]",[],[],223.2549,223.2649,[],223.9864,224.6364
34,229.984,235.0928,35,N/A,N/A,N/A,35,audio delay,1,right,no early,hit,0,0,231.966,233.166,233.166,233.216,[],[],[],230.484,230.494,"[233.5578, 233.7374, 233.9121]",231.316,231.966
35,236.9257,241.749,36,N/A,N/A,N/A,36,audio delay,1,left,no early,hit,0,0,238.8617,240.0617,240.0617,240.1117,"[240.214, 240.3289, 240.5035, 240.6647, 240.8466, 241.0221]",[],[],237.4257,237.4357,[],238.2117,238.8617
36,243.58,248.1691,37,N/A,N/A,N/A,37,audio delay,1,right,no early,miss,0,0,245.5288,247.3288,247.3288,247.3788,247.6691,[],[],244.08,244.09,248.012,244.8788,245.5288
37,250.0576,255.0456,38,N/A,N/A,N/A,38,audio delay,1,right,no early,hit,0,0,251.9896,253.1896,253.1896,253.2396,[],[],[],250.5576,250.5676,"[253.5106, 253.6195, 253.8821, 254.0649, 254.2603]",251.3396,251.9896
38,256.8812,261.913,39,N/A,N/A,N/A,39,audio delay,1,right,no early,hit,0,0,258.891,260.091,260.091,260.141,[],[],[],257.3812,257.3912,"[260.378, 260.51, 260.6711, 260.8381, 261.0166]",258.241,258.891
39,263.7483,268.6676,40,2.557,5.500,0.5000,40,audio delay,1,right,no early,hit,0,0,265.6057,266.8057,266.8057,266.8557,[],266.3053,266.8053,264.2483,264.2583,"[267.1326, 267.2466, 267.4314, 267.5924, 267.7672]",264.9557,265.6057
40,270.5053,275.43,41,N/A,N/A,N/A,41,audio delay,1,left,no early,hit,0,0,272.3858,273.5858,273.5858,273.6358,"[273.895, 274.0106, 274.2057, 274.3677, 274.5806]",[],[],271.0053,271.0153,[],271.7358,272.3858
41,277.2669,282.3299,42,N/A,N/A,N/A,42,audio delay,1,right,no early,hit,0,0,279.2881,280.4881,280.4881,280.5381,[],[],[],277.7669,277.7769,"[280.7949, 280.9676, 281.1671]",278.6381,279.2881
42,284.1697,289.0873,43,N/A,N/A,N/A,43,audio delay,1,right,no early,hit,0,0,286.0463,287.2463,287.2463,287.2963,[],[],[],284.6697,284.6797,"[287.5523, 287.7058, 287.8795, 288.0594]",285.3963,286.0463
43,290.928,295.8791,44,N/A,N/A,N/A,44,audio delay,1,right,no early,hit,0,0,292.9532,294.1532,294.1532,294.2032,[],[],[],291.428,291.438,"[294.3441, 294.4487, 294.6473, 294.8047, 294.9704]",292.3032,292.9532
44,297.7211,302.6031,45,N/A,N/A,N/A,45,audio delay,1,right,no early,hit,0,0,299.5904,300.7904,300.7904,300.8404,[],[],[],298.2211,298.2311,"[301.0681, 301.3809, 301.5726, 301.7499]",298.9404,299.5904
45,304.4459,309.1285,46,N/A,N/A,N/A,46,audio delay,1,left,no early,hit,0,0,306.2618,307.4618,307.4618,307.5118,"[307.5935, 307.7374, 307.9221, 308.0659, 308.2292, 308.4218]",[],[],304.9459,304.9559,[],305.6118,306.2618
46,310.9734,315.7841,47,N/A,N/A,N/A,47,audio delay,1,left,no early,hit,0,0,312.9126,314.1126,314.1126,314.1626,"[314.2491, 314.4034, 314.5747, 314.7697, 314.9726]",[],[],311.4734,311.4834,[],312.2626,312.9126
47,317.6298,322.5516,48,N/A,N/A,N/A,48,audio delay,1,right,no early,hit,0,0,319.4546,320.6546,320.6546,320.7046,[],[],[],318.1298,318.1398,"[321.0166, 321.2298, 321.3834, 321.5717, 321.7709]",318.8046,319.4546
48,324.4005,329.1569,49,2.543,5.500,0.5000,49,audio delay,1,left,no early,hit,0,0,326.2434,327.4434,327.4434,327.4934,"[327.6219, 327.7354, 327.9118, 328.0948, 328.2655, 328.4776]",326.9435,327.4435,324.9005,324.9105,[],325.5934,326.2434
49,331.0078,336.1011,50,2.735,5.500,0.5000,50,audio delay,1,right,no early,hit,0,0,333.0431,334.2431,334.2431,334.2931,[],333.7428,334.2428,331.5078,331.5178,"[334.5661, 334.7725, 334.9534, 335.1105, 335.3005]",332.3931,333.0431
50,337.9505,343.0041,51,N/A,N/A,N/A,51,audio delay,1,right,no early,hit,0,0,339.975,341.175,341.175,341.225,[],[],[],338.4505,338.4605,"[341.4691, 341.6267, 341.7945, 341.9951, 342.1819]",339.325,339.975
51,344.8566,349.7525,52,2.671,5.500,0.5000,52,audio delay,1,left,no early,hit,0,0,346.828,348.028,348.028,348.078,"[348.2175, 348.3205, 348.4994, 348.6788, 348.822, 349.0021]",347.5276,348.0276,345.3566,345.3666,[],346.178,346.828
52,351.6037,356.4124,53,N/A,N/A,N/A,53,audio delay,1,left,no early,hit,0,0,353.4458,354.6458,354.6458,354.6958,"[354.8774, 355.0441, 355.1893, 355.3594, 355.5316]",[],[],352.1037,352.1137,[],352.7958,353.4458
53,358.265,363.3088,54,N/A,N/A,N/A,54,audio delay,1,right,no early,hit,0,0,360.2773,361.4773,361.4773,361.5273,[],[],[],358.765,358.775,"[361.7738, 361.9865, 362.1683, 362.317, 362.5133]",359.6273,360.2773
54,365.1633,370.6981,55,N/A,N/A,N/A,55,audio delay,1,right,no early,hit,0,0,367.1137,368.9137,368.9137,368.9637,[],[],[],365.6633,365.6733,"[369.1631, 369.2777, 369.4407, 369.6263, 369.8041, 369.9827]",366.4637,367.1137
55,372.5547,377.4894,56,N/A,N/A,N/A,56,audio delay,1,left,no early,hit,0,0,374.5846,375.7846,375.7846,375.8346,"[375.9544, 376.0891, 376.2443, 376.4026, 376.6014]",[],[],373.0547,373.0647,[],373.9346,374.5846
56,379.3434,384.3723,57,N/A,N/A,N/A,57,audio delay,1,right,no early,hit,0,0,381.3816,382.5816,382.5816,382.6316,[],[],[],379.8434,379.8534,"[382.8373, 383.0037, 383.1856, 383.3602, 383.5653]",380.7316,381.3816
57,386.2284,391.305,58,N/A,N/A,N/A,58,audio delay,1,right,no early,hit,0,0,388.2542,389.4542,389.4542,389.5042,[],[],[],386.7284,386.7384,"[389.77, 389.9306, 390.1147, 390.2957, 390.4526]",387.6042,388.2542
58,393.1657,397.8651,59,N/A,N/A,N/A,59,audio delay,1,left,no early,hit,0,0,394.9897,396.1897,396.1897,396.2397,"[396.3301, 396.3604, 396.4871, 396.6613, 396.8274, 397.0171]",[],[],393.6657,393.6757,[],394.3397,394.9897
59,399.7275,404.8512,60,2.744,5.500,0.5000,60,audio delay,1,right,no early,hit,0,0,401.7715,402.9715,402.9715,403.0215,[],402.4715,402.9715,400.2275,400.2375,"[403.3162, 403.5112, 403.6798, 403.8356, 404.0087]",401.1215,401.7715
60,406.7142,411.5485,61,2.515,5.500,0.5000,61,audio delay,1,right,no early,hit,0,0,408.5292,409.7292,409.7292,409.7792,[],409.2292,409.7292,407.2142,407.2242,"[410.0135, 410.2028, 410.3513, 410.5366, 410.7056]",407.8792,408.5292
61,413.4119,418.219,62,N/A,N/A,N/A,62,audio delay,1,left,no early,hit,0,0,415.2985,416.4985,416.4985,416.5485,"[416.684, 416.7755, 416.9415, 417.1084, 417.2884, 417.4512]",[],[],413.9119,413.9219,[],414.6485,415.2985
62,420.0845,424.999,63,N/A,N/A,N/A,63,audio delay,1,right,no early,hit,0,0,422.0475,423.2475,423.2475,423.2975,[],[],[],420.5845,420.5945,"[423.464, 423.5833, 423.8047, 423.9653, 424.1154, 424.3026]",421.3975,422.0475
63,426.8629,431.8053,64,N/A,N/A,N/A,64,audio delay,1,right,no early,hit,0,0,428.7738,429.9738,429.9738,430.0238,[],[],[],427.3629,427.3729,"[430.2703, 430.3985, 430.5618, 430.7569, 430.9372]",428.1238,428.7738
64,433.6681,438.5269,65,N/A,N/A,N/A,65,audio delay,1,left,no early,hit,0,0,435.6889,436.8889,436.8889,436.9389,"[436.9919, 437.1035, 437.2603, 437.4567, 437.6262]",[],[],434.1681,434.1781,[],435.0389,435.6889
65,440.3909,445.2858,66,2.519,5.500,0.5000,66,audio delay,1,right,no early,hit,0,0,442.2094,443.4094,443.4094,443.4594,[],442.9099,443.4099,440.8909,440.9009,"[443.7508, 443.9215, 444.1108, 444.29]",441.5594,442.2094
66,447.1567,451.9955,67,N/A,N/A,N/A,67,audio delay,1,left,no early,hit,0,0,449.0674,450.2674,450.2674,450.3174,"[450.4605, 450.6219, 450.7713, 450.9354]",[],[],447.6567,447.6667,[],448.4174,449.0674
67,453.8631,458.6586,68,N/A,N/A,N/A,68,audio delay,1,right,no early,hit,0,0,455.7141,456.9141,456.9141,456.9641,[],[],[],454.3631,454.3731,"[457.1236, 457.2314, 457.4356, 457.6282, 457.6656, 457.8117, 457.9971]",455.0641,455.7141
68,460.5393,466.1484,69,N/A,N/A,N/A,69,audio delay,1,left,no early,hit,0,0,462.5748,464.3748,464.3748,464.4248,"[464.6134, 464.8141, 464.9681, 465.1622, 465.3874]",[],[],461.0393,461.0493,[],461.9248,462.5748
69,468.0199,473.1111,70,N/A,N/A,N/A,70,audio delay,1,right,no early,hit,0,0,470.0358,471.2358,471.2358,471.2858,[],[],[],468.5199,468.5299,"[471.5761, 471.7549, 471.9426, 472.1144]",469.3858,470.0358
70,474.9821,479.9102,71,N/A,N/A,N/A,71,audio delay,1,left,no early,hit,0,0,477.0121,478.2121,478.2121,478.2621,"[478.3752, 478.4773, 478.6494, 478.7982, 478.9702]",[],[],475.4821,475.4921,[],476.3621,477.0121
71,481.7852,485.8931,72,N/A,N/A,N/A,72,audio delay,1,left,no early,hit,0,0,483.7987,484.0987,484.0987,484.1487,"[484.3581, 484.4826, 484.6411, 484.8132, 484.9921]",[],[],482.2852,482.2952,[],483.1487,483.7987
72,487.7709,492.7623,73,2.713,5.500,0.5000,73,audio delay,1,right,no early,hit,0,0,489.7834,490.9834,490.9834,491.0334,[],490.4839,490.9839,488.2709,488.2809,"[491.2273, 491.3717, 491.5602, 491.7652, 491.9227]",489.1334,489.7834
73,494.6369,499.6479,74,N/A,N/A,N/A,74,audio delay,1,left,no early,hit,0,0,496.6373,497.8373,497.8373,497.8873,"[498.1129, 498.2241, 498.416, 498.5868, 498.7382, 498.9317]",[],[],495.1369,495.1469,[],495.9873,496.6373
74,501.5277,506.3466,75,N/A,N/A,N/A,75,audio delay,1,left,no early,hit,0,0,503.3382,504.5382,504.5382,504.5882,"[504.8116, 504.9197, 505.1136, 505.2481, 505.4394, 505.6004]",[],[],502.0277,502.0377,[],502.6882,503.3382
75,508.2289,512.9841,76,2.575,5.500,0.5000,76,audio delay,1,left,no early,hit,0,0,510.1042,511.3042,511.3042,511.3542,"[511.4491, 511.5589, 511.7187, 511.9234, 512.0751, 512.2561]",510.8039,511.3039,508.7289,508.7389,[],509.4542,510.1042
76,514.8633,519.7932,77,N/A,N/A,N/A,77,audio delay,1,right,no early,hit,0,0,516.8326,518.0326,518.0326,518.0826,[],[],[],515.3633,515.3733,"[518.2582, 518.3862, 518.6128, 518.7676, 518.929, 519.1098]",516.1826,516.8326
77,521.675,526.4409,78,N/A,N/A,N/A,78,audio delay,1,left,no early,hit,0,0,523.4976,524.6976,524.6976,524.7476,"[524.9059, 525.0711, 525.2206, 525.4054]",[],[],522.175,522.185,[],522.8476,523.4976
78,528.3257,533.0052,79,N/A,N/A,N/A,79,audio delay,1,left,no early,hit,0,0,530.1374,531.3374,531.3374,531.3874,"[531.4702, 531.6061, 531.7954, 531.9629, 532.147]",[],[],528.8257,528.8357,[],529.4874,530.1374
79,534.8908,539.9966,80,2.732,5.500,0.5000,80,audio delay,1,right,no early,hit,0,0,536.923,538.123,538.123,538.173,[],537.6228,538.1228,535.3908,535.4008,"[538.4616, 538.6304, 538.8323, 539.0114]",536.273,536.923
80,541.881,546.6929,81,2.593,5.500,0.5000,81,audio delay,1,left,no early,hit,0,0,543.7737,544.9737,544.9737,545.0237,"[545.1579, 545.2665, 545.4243, 545.4847, 545.6082]",544.474,544.974,542.381,542.391,[],543.1237,543.7737
81,548.5821,552.7515,82,N/A,N/A,N/A,82,audio delay,1,right,no early,miss,0,0,550.5178,551.7178,551.7178,551.7678,552.2515,[],[],549.0821,549.0921,552.6053,549.8678,550.5178
82,554.6584,558.8151,83,N/A,N/A,N/A,83,audio delay,1,right,no early,miss,0,0,556.6202,557.8202,557.8202,557.8702,558.3151,[],[],555.1584,555.1684,558.5507,555.9702,556.6202
83,560.7053,565.7472,84,N/A,N/A,N/A,84,audio delay,1,right,no early,hit,0,0,562.7044,563.9044,563.9044,563.9544,[],[],[],561.2053,561.2153,"[564.2122, 564.3888, 564.5677, 564.7494]",562.0544,562.7044
84,567.6386,572.6438,85,2.643,5.500,0.5000,85,audio delay,1,right,no early,hit,0,0,569.5816,570.7816,570.7816,570.8316,[],570.2816,570.7816,568.1386,568.1486,"[571.1088, 571.3133, 571.4808, 571.6433]",568.9316,569.5816
85,574.5337,579.5746,86,N/A,N/A,N/A,86,audio delay,1,left,no early,hit,0,0,576.5618,577.7618,577.7618,577.8118,"[578.0396, 578.1951, 578.3723, 578.5835, 578.7313]",[],[],575.0337,575.0437,[],575.9118,576.5618
86,581.4675,586.4656,87,N/A,N/A,N/A,87,audio delay,1,right,no early,hit,0,0,583.4704,584.6704,584.6704,584.7204,[],[],[],581.9675,581.9775,"[584.9306, 585.0479, 585.2417, 585.4308, 585.6206]",582.8204,583.4704
87,588.3598,593.2236,88,N/A,N/A,N/A,88,audio delay,1,left,no early,hit,0,0,590.363,591.563,591.563,591.613,"[591.6886, 591.835, 592.0203, 592.1759, 592.3378, 592.4958]",[],[],588.8598,588.8698,[],589.713,590.363
88,595.1172,599.4029,89,N/A,N/A,N/A,89,audio delay,1,right,no early,hit,0,0,597.1655,597.4655,597.4655,597.5155,[],[],[],595.6172,595.6272,"[597.8679, 598.0322, 598.2156, 598.3628]",596.5155,597.1655
89,601.299,606.2134,90,N/A,N/A,N/A,90,audio delay,1,right,no early,hit,0,0,603.1368,604.3368,604.3368,604.3868,[],[],[],601.799,601.809,"[604.6784, 604.8816, 605.0368, 605.1963]",602.4868,603.1368
90,608.1107,611.9085,91,N/A,N/A,N/A,91,audio delay,1,right,no early,miss,0,0,609.9274,611.1274,611.1274,611.1774,611.4085,[],[],608.6107,608.6207,"[611.7327, 611.8726]",609.2774,609.9274
91,613.8063,618.7207,92,N/A,N/A,N/A,92,audio delay,1,right,no early,hit,0,0,615.7424,616.9424,616.9424,616.9924,[],[],[],614.3063,614.3163,"[617.1857, 617.366, 617.5532, 617.7242]",615.0924,615.7424
92,620.6184,625.5046,93,N/A,N/A,N/A,93,audio delay,1,left,no early,hit,0,0,622.5577,623.7577,623.7577,623.8077,"[623.9696, 624.1551, 624.2993, 624.467, 624.684]",[],[],621.1184,621.1284,[],621.9077,622.5577
93,627.4087,632.4696,94,N/A,N/A,N/A,94,audio delay,1,right,no early,hit,0,0,629.4551,630.6551,630.6551,630.7051,[],[],[],627.9087,627.9187,"[630.9346, 631.0226, 631.2145, 631.3843, 631.5455]",628.8051,629.4551
94,634.3741,639.212,95,N/A,N/A,N/A,95,audio delay,1,left,no early,hit,0,0,636.2096,637.4096,637.4096,637.4596,"[637.677, 637.8228, 638.0046, 638.2008, 638.3479]",[],[],634.8741,634.8841,[],635.5596,636.2096
95,641.1152,646.0212,96,N/A,N/A,N/A,96,audio delay,1,right,no early,hit,0,0,643.0719,644.2719,644.2719,644.3219,[],[],[],641.6152,641.6252,"[644.4862, 644.5771, 644.733, 644.9028, 645.0694]",642.4219,643.0719
96,647.9259,653.0674,97,N/A,N/A,N/A,97,audio delay,1,right,no early,hit,0,0,649.9734,651.1734,651.1734,651.2234,[],[],[],648.4259,648.4359,"[651.5324, 651.6381, 651.8043, 651.9916, 652.1669]",649.3234,649.9734
97,654.9717,658.1984,98,N/A,N/A,N/A,98,audio delay,1,right,no early,miss,0,0,656.9168,657.2168,657.2168,657.2668,"[657.6984, 657.8677]",[],[],655.4717,655.4817,[],656.2668,656.9168
98,660.1096,664.0305,99,2.563,5.500,0.5000,99,audio delay,1,right,no early,miss,0,0,661.9729,663.1729,663.1729,663.2229,663.5305,662.6726,663.1726,660.6096,660.6196,[],661.3229,661.9729
99,665.941,670.9543,100,N/A,N/A,N/A,100,audio delay,1,left,no early,hit,0,0,667.9233,669.1233,669.1233,669.1733,"[669.4193, 669.5764, 669.7175, 669.9041, 670.0575]",[],[],666.441,666.451,[],667.2733,667.9233
100,672.8673,676.5802,101,N/A,N/A,N/A,101,audio delay,1,right,no early,miss,0,0,674.7074,675.9074,675.9074,675.9574,"[676.0802, 676.2228]",[],[],673.3673,673.3773,[],674.0574,674.7074
101,678.4946,683.5183,102,N/A,N/A,N/A,102,audio delay,1,right,no early,hit,0,0,680.4485,681.6485,681.6485,681.6985,[],[],[],678.9946,679.0046,"[681.9833, 682.3191, 682.492, 682.665]",679.7985,680.4485
102,685.4293,691.5446,103,N/A,N/A,N/A,103,audio delay,1,left,early,hit,0,0,"[687.4476, 688.6816]","[688.5816, 689.8816]",689.8816,689.9316,"[688.5816, 690.0096, 690.1688, 690.3422, 690.5177, 690.6734]",[],[],685.9293,685.9393,[],686.7976,687.4476
103,693.4572,698.4219,104,N/A,N/A,N/A,104,audio delay,1,right,no early,ignore,0,0,695.4219,696.6219,696.6219,696.6719,[],[],[],693.9572,693.9672,[],694.7719,695.4219
104,700.3356,705.4024,105,N/A,N/A,N/A,105,audio delay,1,right,no early,hit,0,0,702.3586,703.5586,703.5586,703.6086,[],[],[],700.8356,700.8456,"[703.8674, 704.2433, 704.3921, 704.5974]",701.7086,702.3586
105,707.3186,712.1022,106,N/A,N/A,N/A,106,audio delay,1,right,no early,hit,0,0,709.1475,710.3475,710.3475,710.3975,[],[],[],707.8186,707.8286,"[710.5672, 710.6942, 710.9079, 711.0687, 711.2336]",708.4975,709.1475
106,714.0201,718.8708,107,N/A,N/A,N/A,107,audio delay,1,right,no early,hit,0,0,715.8804,717.0804,717.0804,717.1304,[],[],[],714.5201,714.5301,"[717.3358, 717.4902, 717.6768, 717.8452, 718.0275]",715.2304,715.8804
107,720.7901,725.79,108,N/A,N/A,N/A,108,audio delay,1,left,no early,hit,0,0,722.8129,724.0129,724.0129,724.0629,"[724.255, 724.4114, 724.5968, 724.7378, 724.9046]",[],[],721.2901,721.3001,[],722.1629,722.8129
108,727.7109,732.5181,109,N/A,N/A,N/A,109,audio delay,1,left,no early,hit,0,0,729.5246,730.7246,730.7246,730.7746,"[730.9831, 731.1018, 731.28, 731.4313, 731.6073]",[],[],728.2109,728.2209,[],728.8746,729.5246
109,734.4409,739.3263,110,N/A,N/A,N/A,110,audio delay,1,left,no early,hit,0,0,736.3314,737.5314,737.5314,737.5814,"[737.7913, 737.9596, 738.1198, 738.292, 738.4813]",[],[],734.9409,734.9509,[],735.6814,736.3314
110,741.2496,746.1279,111,N/A,N/A,N/A,111,audio delay,1,left,no early,hit,0,0,743.2579,744.4579,744.4579,744.5079,"[744.5929, 744.6415, 744.7646, 744.899, 745.04, 745.2249]",[],[],741.7496,741.7596,[],742.6079,743.2579
111,748.0515,752.9606,112,2.528,5.500,0.5000,112,audio delay,1,right,no early,hit,0,0,749.8798,751.0798,751.0798,751.1298,[],750.5795,751.0795,748.5515,748.5615,"[751.4256, 751.6082, 751.7698, 751.9313, 752.1047]",749.2298,749.8798
112,754.8875,759.814,113,2.538,5.500,0.5000,113,audio delay,1,right,no early,hit,0,0,756.7258,757.9258,757.9258,757.9758,[],757.4255,757.9255,755.3875,755.3975,"[758.279, 758.4235, 758.6019, 758.7891, 758.9848]",756.0758,756.7258
113,761.7401,766.6464,114,N/A,N/A,N/A,114,audio delay,1,left,no early,hit,0,0,763.74,764.94,764.94,764.99,"[765.1114, 765.2351, 765.4202, 765.5639, 765.7241]",[],[],762.2401,762.2501,[],763.09,763.74
114,768.5751,774.2578,115,N/A,N/A,N/A,115,audio delay,1,right,no early,hit,0,0,770.6009,772.4009,772.4009,772.4509,[],[],[],769.0751,769.0851,"[772.7228, 772.8612, 773.0676, 773.2403, 773.4231]",769.9509,770.6009
115,776.188,781.1825,116,N/A,N/A,N/A,116,audio delay,1,right,no early,hit,0,0,778.2069,779.4069,779.4069,779.4569,[],[],[],776.688,776.698,"[779.6475, 779.8388, 780.0211, 780.1843, 780.3607]",777.5569,778.2069
116,783.1131,787.9146,117,N/A,N/A,N/A,117,audio delay,1,left,no early,hit,0,0,784.9619,786.1619,786.1619,786.2119,"[786.3796, 786.5239, 786.7121, 786.8609]",[],[],783.6131,783.6231,[],784.3119,784.9619
117,789.8491,794.7578,118,N/A,N/A,N/A,118,audio delay,1,right,no early,hit,0,0,791.785,792.985,792.985,793.035,[],[],[],790.3491,790.3591,"[793.2228, 793.3942, 793.5799, 793.7646]",791.135,791.785
118,796.694,800.7375,119,N/A,N/A,N/A,119,audio delay,1,right,no early,hit,0,0,798.6447,798.9447,798.9447,798.9947,[],[],[],797.194,797.204,"[799.2025, 799.3437, 799.5212, 799.7173]",797.9947,798.6447
119,802.6696,807.6885,120,N/A,N/A,N/A,120,audio delay,1,right,no early,hit,0,0,804.6454,805.8454,805.8454,805.8954,[],[],[],803.1696,803.1796,"[806.1535, 806.3384, 806.5079, 806.6823, 806.8804]",803.9954,804.6454
120,809.6236,814.665,121,N/A,N/A,N/A,121,audio delay,1,left,no early,ignore,0,0,811.665,812.865,812.865,812.915,[],[],[],810.1236,810.1336,[],811.015,811.665
121,816.602,821.4722,122,N/A,N/A,N/A,122,audio delay,1,left,no early,ignore,0,0,818.4722,819.6722,819.6722,819.7222,[],[],[],817.102,817.112,[],817.8222,818.4722
122,823.412,828.3032,123,N/A,N/A,N/A,123,audio delay,1,left,no early,ignore,0,0,825.3032,826.5032,826.5032,826.5532,[],[],[],823.912,823.922,[],824.6532,825.3032
123,830.2374,835.1018,124,N/A,N/A,N/A,124,audio delay,1,right,no early,ignore,0,0,832.1018,833.3018,833.3018,833.3518,[],[],[],830.7374,830.7474,[],831.4518,832.1018
124,837.0444,841.9188,125,2.574,5.500,0.5000,125,audio delay,1,left,no early,ignore,0,0,838.9188,840.1188,840.1188,840.1688,[],839.6184,840.1184,837.5444,837.5544,[],838.2688,838.9188
125,843.8624,848.8393,126,N/A,N/A,N/A,126,audio delay,1,left,no early,ignore,0,0,845.8393,847.0393,847.0393,847.0893,[],[],[],844.3624,844.3724,[],845.1893,845.8393
126,851.28,855.3945,127,N/A,N/A,N/A,127,audio delay,1,right,no early,miss,1,0,853.3027,854.5027,854.5027,854.5527,854.8945,[],[],851.78,851.79,[],852.6527,853.3027
127,857.3356,862.3509,128,2.715,5.500,0.5000,128,audio delay,1,left,no early,ignore,0,0,859.3509,860.5509,860.5509,860.6009,[],860.0506,860.5506,857.8356,857.8456,[],858.7009,859.3509
128,864.3004,869.3393,129,N/A,N/A,N/A,129,audio delay,1,left,no early,ignore,0,0,866.3393,867.5393,867.5393,867.5893,[],[],[],864.8004,864.8104,[],865.6893,866.3393
129,871.2853,876.4304,130,2.701,5.500,0.5000,130,audio delay,1,right,no early,hit,0,0,873.2859,874.4859,874.4859,874.5359,[],873.9863,874.4863,871.7853,871.7953,"[874.8954, 875.0444, 875.2428, 875.4472]",872.6359,873.2859
130,878.377,884.0941,131,N/A,N/A,N/A,131,audio delay,1,right,no early,hit,0,0,880.2972,882.0972,882.0972,882.1472,[],[],[],878.877,878.887,"[882.5591, 882.6938, 882.8802, 883.0927]",879.6472,880.2972
131,886.0435,890.9309,132,N/A,N/A,N/A,132,audio delay,1,left,no early,ignore,0,0,887.9309,889.1309,889.1309,889.1809,[],[],[],886.5435,886.5535,[],887.2809,887.9309
132,892.8794,898.5868,133,N/A,N/A,N/A,133,audio delay,1,right,no early,hit,0,0,894.9392,896.7392,896.7392,896.7892,[],[],[],893.3794,893.3894,"[897.0518, 897.2354, 897.4239]",894.2892,894.9392
133,900.5369,905.4045,134,N/A,N/A,N/A,134,audio delay,1,left,no early,ignore,0,0,902.4045,903.6045,903.6045,903.6545,[],[],[],901.0369,901.0469,[],901.7545,902.4045
134,907.3569,912.2887,135,2.632,5.500,0.5000,135,audio delay,1,left,no early,ignore,0,0,909.2887,910.4887,910.4887,910.5387,[],909.9889,910.4889,907.8569,907.8669,[],908.6387,909.2887
135,914.2447,919.1981,136,2.653,5.500,0.5000,136,audio delay,1,left,no early,ignore,0,0,916.1981,917.3981,917.3981,917.4481,[],916.8977,917.3977,914.7447,914.7547,[],915.5481,916.1981
136,921.1546,926.1703,137,N/A,N/A,N/A,137,audio delay,1,right,no early,hit,0,0,922.9892,924.1892,924.1892,924.2392,[],[],[],921.6546,921.6646,"[924.6353, 924.7467, 924.9354, 925.0847]",922.3392,922.9892
137,928.6282,933.098,138,N/A,N/A,N/A,138,audio delay,1,left,no early,miss,1,0,930.6496,931.8496,931.8496,931.8996,"[932.9065, 933.0738]",[],[],929.1282,929.1382,"[932.598, 932.7447]",929.9996,930.6496
138,935.5159,939.5183,139,N/A,N/A,N/A,139,audio delay,1,right,no early,miss,0,0,937.5468,938.7468,938.7468,938.7968,939.0183,[],[],936.0159,936.0259,[],936.8968,937.5468
139,941.4758,946.3471,140,N/A,N/A,N/A,140,audio delay,1,left,no early,hit,0,0,943.4022,944.6022,944.6022,944.6522,944.8121,[],[],941.9758,941.9858,[],942.7522,943.4022
140,948.3048,953.2196,141,N/A,N/A,N/A,141,audio delay,1,left,no early,hit,0,0,950.2415,951.4415,951.4415,951.4915,"[951.6846, 951.8738, 952.029, 952.1811, 952.3296]",[],[],948.8048,948.8148,[],949.5915,950.2415
141,955.1827,960.0773,142,N/A,N/A,N/A,142,audio delay,1,left,no early,hit,0,0,957.2359,958.4359,958.4359,958.4859,"[958.5423, 958.6839, 958.8759, 959.0263]",[],[],955.6827,955.6927,[],956.5859,957.2359
142,962.043,968.3598,143,N/A,N/A,N/A,143,audio delay,1,left,early,hit,0,0,"[963.9758, 964.1046, 964.2583, 965.4663]","[964.0046, 964.1583, 965.3663, 966.6663]",966.6663,966.7163,"[964.0046, 964.0548, 964.1583, 965.3663, 966.8248, 966.9199, 967.0966, 967.2438, 967.4131, 967.6063]",[],[],962.543,962.553,[],963.3258,963.9758
143,970.3223,975.3151,144,N/A,N/A,N/A,144,audio delay,1,right,no early,hit,0,0,972.3297,973.5297,973.5297,973.5797,[],[],[],970.8223,970.8323,"[973.7801, 973.9512, 974.0793, 974.27, 974.4375]",971.6797,972.3297
144,977.2846,981.9297,145,3.383,5.500,0.5000,145,audio delay,1,right,early,miss,0,0,"[979.2022, 979.8278, 979.9671]","[979.7278, 979.8671, 981.1671]",981.1671,981.2171,981.4297,980.6676,981.1676,977.7846,977.7946,"[979.7278, 979.8671]",978.5522,979.2022
145,983.8942,988.6648,146,N/A,N/A,N/A,146,audio delay,1,right,no early,hit,0,0,985.7394,986.9394,986.9394,986.9894,[],[],[],984.3942,984.4042,"[987.1298, 987.2934, 987.4419, 987.6183]",985.0894,985.7394
146,990.6354,996.6276,147,N/A,N/A,N/A,147,audio delay,1,left,early,hit,0,0,"[992.6158, 993.7291]","[993.6291, 994.9291]",994.9291,994.9791,"[993.6291, 995.0926]",[],[],991.1354,991.1454,995.4762,991.9658,992.6158
147,998.5955,1004.7243,148,N/A,N/A,N/A,148,audio delay,1,left,early,hit,0,0,1001.8027,1003.0027,1003.0027,1003.0527,"[1000.4061, 1000.5702, 1000.7352, 1000.862, 1001.0527, 1003.1893, 1003.399, 1003.5397, 1003.7216]",[],[],999.0955,999.1055,[],"[999.8346, 1000.5061, 1000.6702, 1000.8352, 1000.962, 1001.1527]","[1000.4061, 1000.5702, 1000.7352, 1000.862, 1001.0527, 1001.8027]"
148,1006.6956,1011.4396,149,2.564,5.500,0.5000,149,audio delay,1,left,no early,hit,0,0,1008.5592,1009.7592,1009.7592,1009.8092,"[1009.9046, 1010.0084, 1010.1744, 1010.3053, 1010.47, 1010.6529]",1009.2596,1009.7596,1007.1956,1007.2056,[],1007.9092,1008.5592
149,1013.4113,1018.466,150,N/A,N/A,N/A,150,audio delay,1,right,no early,hit,0,0,1015.4227,1016.6227,1016.6227,1016.6727,[],[],[],1013.9113,1013.9213,"[1016.931, 1017.1522, 1017.3117, 1017.4913, 1017.671]",1014.7727,1015.4227
150,1020.438,1024.4145,151,N/A,N/A,N/A,151,audio delay,1,left,no early,hit,0,0,1022.3018,1022.6018,1022.6018,1022.6518,"[1022.8795, 1023.0654, 1023.2018, 1023.3578]",[],[],1020.938,1020.948,[],1021.6518,1022.3018
151,1026.3917,1031.275,152,N/A,N/A,N/A,152,audio delay,1,right,no early,hit,0,0,1028.2529,1029.4529,1029.4529,1029.5029,[],[],[],1026.8917,1026.9017,"[1029.74, 1029.942, 1030.1241, 1030.2885]",1027.6029,1028.2529
152,1033.2466,1037.3952,153,N/A,N/A,N/A,153,audio delay,1,right,no early,hit,0,0,1035.1689,1035.4689,1035.4689,1035.5189,[],[],[],1033.7466,1033.7566,"[1035.8602, 1036.0643, 1036.2317, 1036.42]",1034.5189,1035.1689
153,1039.3752,1044.3902,154,N/A,N/A,N/A,154,audio delay,1,right,no early,hit,0,0,1041.3342,1042.5342,1042.5342,1042.5842,[],[],[],1039.8752,1039.8852,"[1042.8552, 1043.0572, 1043.2269, 1043.4039]",1040.6842,1041.3342
154,1046.3684,1051.235,155,N/A,N/A,N/A,155,audio delay,1,right,no early,hit,0,0,1048.196,1049.396,1049.396,1049.446,[],[],[],1046.8684,1046.8784,"[1049.7, 1049.9, 1050.0862, 1050.2688]",1047.546,1048.196
155,1053.2114,1058.12,156,N/A,N/A,N/A,156,audio delay,1,left,no early,hit,0,0,1055.1228,1056.3228,1056.3228,1056.3728,"[1056.585, 1056.7208, 1056.9106, 1057.076, 1057.2545]",[],[],1053.7114,1053.7214,[],1054.4728,1055.1228
156,1060.1018,1064.3617,157,N/A,N/A,N/A,157,audio delay,1,right,no early,miss,0,0,1062.133,1063.333,1063.333,1063.383,1063.8617,[],[],1060.6018,1060.6118,[],1061.483,1062.133
157,1066.3424,1071.3249,158,N/A,N/A,N/A,158,audio delay,1,right,no early,hit,0,0,1068.1988,1069.3988,1069.3988,1069.4488,[],[],[],1066.8424,1066.8524,"[1069.7899, 1069.9992, 1070.1493]",1067.5488,1068.1988
158,1073.3099,1078.306,159,N/A,N/A,N/A,159,audio delay,1,right,no early,hit,0,0,1075.2942,1076.4942,1076.4942,1076.5442,[],[],[],1073.8099,1073.8199,"[1076.771, 1076.9521, 1077.1248]",1074.6442,1075.2942
159,1080.2926,1085.2438,160,N/A,N/A,N/A,160,audio delay,1,right,no early,hit,0,0,1082.1829,1083.3829,1083.3829,1083.4329,[],[],[],1080.7926,1080.8026,"[1083.7088, 1083.8926, 1084.0891, 1084.2491]",1081.5329,1082.1829
160,1087.2259,1092.224,161,2.715,5.500,0.5000,161,audio delay,1,left,no early,hit,0,0,1089.2408,1090.4408,1090.4408,1090.4908,"[1090.689, 1090.8146, 1091.011, 1091.183, 1091.3468]",1089.9409,1090.4409,1087.7259,1087.7359,[],1088.5908,1089.2408
161,1094.2029,1098.9946,162,N/A,N/A,N/A,162,audio delay,1,left,no early,hit,0,0,1096.1352,1097.3352,1097.3352,1097.3852,"[1097.4596, 1097.5552, 1097.701, 1097.8414, 1098.0214, 1098.2026]",[],[],1094.7029,1094.7129,[],1095.4852,1096.1352
162,1100.9807,1105.7991,163,N/A,N/A,N/A,163,audio delay,1,left,no early,hit,0,0,1102.884,1104.084,1104.084,1104.134,"[1104.2641, 1104.3323, 1104.467, 1104.5991]",[],[],1101.4807,1101.4907,[],1102.234,1102.884
163,1107.7873,1111.6317,164,2.610,5.500,0.5000,164,audio delay,1,right,no early,miss,0,0,1109.6969,1110.8969,1110.8969,1110.9469,"[1111.1317, 1111.2327, 1111.4074]",1110.3973,1110.8973,1108.2873,1108.2973,[],1109.0469,1109.6969
164,1113.6236,1118.9812,165,3.163,5.500,0.5000,165,audio delay,1,left,early,hit,0,0,1116.087,1117.287,1117.287,1117.337,"[1115.337, 1117.4462, 1117.5782, 1117.7479, 1117.8972, 1118.0547, 1118.2246]",1116.7866,1117.2866,1114.1236,1114.1336,[],"[1115.0059, 1115.437]","[1115.337, 1116.087]"
165,1120.9737,1125.8745,166,2.733,5.500,0.5000,166,audio delay,1,left,no early,hit,0,0,1123.007,1124.207,1124.207,1124.257,"[1124.3395, 1124.5075, 1124.6873, 1124.8535]",1123.7067,1124.2067,1121.4737,1121.4837,[],1122.357,1123.007
166,1127.8683,1132.8953,167,N/A,N/A,N/A,167,audio delay,1,right,no early,ignore,0,0,1129.8953,1131.0953,1131.0953,1131.1453,[],[],[],1128.3683,1128.3783,[],1129.2453,1129.8953
167,1134.888,1139.8422,168,N/A,N/A,N/A,168,audio delay,1,right,no early,hit,0,0,1136.8027,1138.0027,1138.0027,1138.0527,[],[],[],1135.388,1135.398,"[1138.3072, 1138.4912, 1138.6497, 1138.831]",1136.1527,1136.8027
168,1141.8382,1146.1726,169,N/A,N/A,N/A,169,audio delay,1,right,no early,miss,0,0,1143.7305,1145.5305,1145.5305,1145.5805,1145.6726,[],[],1142.3382,1142.3482,1145.8341,1143.0805,1143.7305
169,1148.1709,1153.0268,170,N/A,N/A,N/A,170,audio delay,1,right,no early,hit,0,0,1149.9886,1151.1886,1151.1886,1151.2386,[],[],[],1148.6709,1148.6809,"[1151.4918, 1151.636, 1151.81, 1151.9945]",1149.3386,1149.9886
170,1155.0248,1159.8246,171,2.620,5.500,0.5000,171,audio delay,1,left,no early,hit,0,0,1156.9444,1158.1444,1158.1444,1158.1944,"[1158.2896, 1158.4189, 1158.5865, 1158.7592, 1158.9465, 1159.1104]",1157.6448,1158.1448,1155.5248,1155.5348,[],1156.2944,1156.9444
171,1161.8267,1165.6107,172,N/A,N/A,N/A,172,audio delay,1,right,no early,miss,0,0,1163.6567,1164.8567,1164.8567,1164.9067,1165.1107,[],[],1162.3267,1162.3367,[],1163.0067,1163.6567
172,1167.6102,1171.5206,173,N/A,N/A,N/A,173,audio delay,1,right,no early,miss,0,0,1169.5835,1170.7835,1170.7835,1170.8335,1171.0206,[],[],1168.1102,1168.1202,[],1168.9335,1169.5835
173,1173.5219,1178.3919,174,N/A,N/A,N/A,174,audio delay,1,right,no early,ignore,0,0,1175.3919,1176.5919,1176.5919,1176.6419,[],[],[],1174.0219,1174.0319,[],1174.7419,1175.3919
174,1180.3917,1185.4425,175,N/A,N/A,N/A,175,audio delay,1,left,no early,ignore,0,0,1182.4425,1183.6425,1183.6425,1183.6925,[],[],[],1180.8917,1180.9017,[],1181.7925,1182.4425
175,1187.4447,1191.3386,176,N/A,N/A,N/A,176,audio delay,1,right,no early,miss,0,0,1189.2643,1190.4643,1190.4643,1190.5143,1190.8386,[],[],1187.9447,1187.9547,[],1188.6143,1189.2643
176,1193.3415,1198.3402,177,N/A,N/A,N/A,177,audio delay,1,right,no early,ignore,0,0,1195.3402,1196.5402,1196.5402,1196.5902,[],[],[],1193.8415,1193.8515,[],1194.6902,1195.3402
177,1200.8442,1205.9322,178,N/A,N/A,N/A,178,audio delay,1,right,no early,hit,1,0,1202.7345,1203.9345,1203.9345,1203.9845,[],[],[],1201.3442,1201.3542,"[1204.4321, 1204.6001, 1204.7916, 1204.9651]",1202.0845,1202.7345
178,1207.9399,1213.2008,179,3.048,5.500,0.5000,179,audio delay,1,left,early,hit,0,0,"[1209.9783, 1210.2878]","[1210.1878, 1211.4878]",1211.4878,1211.5378,"[1210.1878, 1211.6658, 1211.7838, 1211.9186, 1212.0604, 1212.2326]",1210.9879,1211.4879,1208.4399,1208.4499,[],1209.3283,1209.9783
179,1215.2114,1220.3581,180,2.737,5.500,0.5000,180,audio delay,1,right,no early,hit,0,0,1217.2483,1218.4483,1218.4483,1218.4983,[],1217.9484,1218.4484,1215.7114,1215.7214,"[1218.8231, 1219.2978, 1219.5181, 1219.6761, 1219.8511, 1220.0083]",1216.5983,1217.2483
180,1222.3687,1227.1565,181,N/A,N/A,N/A,181,audio delay,1,left,no early,hit,0,0,1224.2103,1225.4103,1225.4103,1225.4603,"[1225.6215, 1225.8269, 1225.9849]",[],[],1222.8687,1222.8787,[],1223.5603,1224.2103
181,1229.1713,1233.1473,182,N/A,N/A,N/A,182,audio delay,1,right,no early,miss,0,0,1231.218,1232.418,1232.418,1232.468,"[1232.6473, 1232.8427]",[],[],1229.6713,1229.6813,[],1230.568,1231.218
182,1235.1565,1240.5006,183,N/A,N/A,N/A,183,audio delay,1,left,early,hit,0,0,1237.6327,1238.8327,1238.8327,1238.8827,"[1236.755, 1236.8827, 1238.9656, 1239.0987, 1239.2994, 1239.4671]",[],[],1235.6565,1235.6665,[],"[1236.4878, 1236.855, 1236.9827]","[1236.755, 1236.8827, 1237.6327]"
183,1242.5129,1246.9706,184,N/A,N/A,N/A,184,audio delay,1,right,no early,miss,0,0,1244.5219,1246.3219,1246.3219,1246.3719,1246.4706,[],[],1243.0129,1243.0229,[],1243.8719,1244.5219
184,1248.9839,1253.8308,185,2.671,5.500,0.5000,185,audio delay,1,left,no early,hit,0,0,1250.9552,1252.1552,1252.1552,1252.2052,"[1252.2958, 1252.4173, 1252.5996, 1252.8142]",1251.6549,1252.1549,1249.4839,1249.4939,[],1250.3052,1250.9552
185,1255.8515,1259.6264,186,2.607,5.500,0.5000,186,audio delay,1,right,no early,miss,0,0,1257.758,1258.958,1258.958,1259.008,1259.1264,1258.4585,1258.9585,1256.3515,1256.3615,[],1257.108,1257.758
186,1261.6445,1265.4484,187,N/A,N/A,N/A,187,audio delay,1,right,no early,miss,0,0,1263.6276,1264.8276,1264.8276,1264.8776,1264.9484,[],[],1262.1445,1262.1545,[],1262.9776,1263.6276
187,1267.4684,1271.2148,188,2.522,5.500,0.5000,188,audio delay,1,right,no early,miss,0,0,1269.2901,1270.4901,1270.4901,1270.5401,1270.7148,1269.9904,1270.4904,1267.9684,1267.9784,[],1268.6401,1269.2901
188,1273.7352,1278.7,189,N/A,N/A,N/A,189,audio delay,1,right,no early,hit,1,0,1275.663,1276.863,1276.863,1276.913,[],[],[],1274.2352,1274.2452,"[1277.1999, 1277.4251, 1277.5777, 1277.7429]",1275.013,1275.663
189,1280.7199,1285.6895,190,N/A,N/A,N/A,190,audio delay,1,left,no early,hit,0,0,1282.7356,1283.9356,1283.9356,1283.9856,"[1284.1545, 1284.2783, 1284.4727, 1284.6067, 1284.7854]",[],[],1281.2199,1281.2299,[],1282.0856,1282.7356
190,1287.711,1292.4595,191,N/A,N/A,N/A,191,audio delay,1,left,no early,hit,0,0,1289.5921,1290.7921,1290.7921,1290.8421,"[1290.9245, 1291.0377, 1291.1904, 1291.3507, 1291.5155]",[],[],1288.211,1288.221,[],1288.9421,1289.5921
191,1294.4829,1299.5834,192,N/A,N/A,N/A,192,audio delay,1,right,no early,hit,0,0,1296.3604,1297.5604,1297.5604,1297.6104,[],[],[],1294.9829,1294.9929,1298.0484,1295.7104,1296.3604
192,1301.6072,1305.5031,193,N/A,N/A,N/A,193,audio delay,1,right,no early,miss,0,0,1303.4188,1304.6188,1304.6188,1304.6688,1305.0031,[],[],1302.1072,1302.1172,[],1302.7688,1303.4188
193,1309.222,1314.1122,194,N/A,N/A,N/A,194,audio delay,1,right,no early,ignore,0,0,1311.1122,1312.3122,1312.3122,1312.3622,[],[],[],1309.722,1309.732,[],1310.4622,1311.1122
194,1316.1387,1320.4935,195,N/A,N/A,N/A,195,audio delay,1,right,no early,hit,0,0,1318.1832,1318.4832,1318.4832,1318.5332,[],[],[],1316.6387,1316.6487,"[1318.9585, 1319.0762, 1319.2676]",1317.5332,1318.1832
195,1322.5231,1328.0201,196,N/A,N/A,N/A,196,audio delay,1,left,early,hit,0,0,1325.1505,1326.3505,1326.3505,1326.4005,"[1324.4005, 1326.4851, 1326.6781, 1326.8536, 1326.9997, 1327.1902]",[],[],1323.0231,1323.0331,[],"[1323.8627, 1324.5005]","[1324.4005, 1325.1505]"
196,1330.0589,1333.7782,197,N/A,N/A,N/A,197,audio delay,1,right,no early,miss,0,0,1331.8803,1333.0803,1333.0803,1333.1303,1333.2782,[],[],1330.5589,1330.5689,1333.4519,1331.2303,1331.8803
197,1335.8088,1341.0391,198,N/A,N/A,N/A,198,audio delay,1,right,no early,hit,0,0,1337.8582,1339.0582,1339.0582,1339.1082,[],[],[],1336.3088,1336.3188,"[1339.5041, 1339.6781, 1339.8484]",1337.2082,1337.8582
198,1343.069,1348.0202,199,N/A,N/A,N/A,199,audio delay,1,right,no early,hit,0,0,1345.003,1346.203,1346.203,1346.253,[],[],[],1343.569,1343.579,"[1346.4852, 1346.6216, 1346.7976, 1346.9872]",1344.353,1345.003
199,1350.052,1355.1161,200,2.678,5.500,0.5000,200,audio delay,1,right,no early,hit,0,0,1352.0303,1353.2303,1353.2303,1353.2803,[],1352.73,1353.23,1350.552,1350.562,"[1353.5811, 1353.734, 1353.9038, 1354.0846]",1351.3803,1352.0303
200,1357.1482,1362.0409,201,N/A,N/A,N/A,201,audio delay,1,left,no early,hit,0,0,1359.1514,1360.3514,1360.3514,1360.4014,"[1360.3733, 1360.5059, 1360.6864, 1360.8481, 1361.0543]",[],[],1357.6482,1357.6582,[],1358.5014,1359.1514
201,1364.0804,1369.0078,202,N/A,N/A,N/A,202,audio delay,1,left,no early,hit,0,0,1366.1399,1367.3399,1367.3399,1367.3899,"[1367.4728, 1367.5917, 1367.7575, 1367.9026, 1368.1049]",[],[],1364.5804,1364.5904,[],1365.4899,1366.1399
202,1371.0429,1376.0765,203,2.711,5.500,0.5000,203,audio delay,1,right,no early,hit,0,0,1373.0543,1374.2543,1374.2543,1374.3043,[],1373.7539,1374.2539,1371.5429,1371.5529,"[1374.5415, 1374.6918, 1374.8793, 1375.0591]",1372.4043,1373.0543
203,1378.1163,1383.0452,204,N/A,N/A,N/A,204,audio delay,1,right,no early,hit,0,0,1379.9351,1381.1351,1381.1351,1381.1851,[],[],[],1378.6163,1378.6263,"[1381.5102, 1381.7347, 1381.9109, 1382.1329]",1379.2851,1379.9351
204,1385.0828,1390.1132,205,2.680,5.500,0.5000,205,audio delay,1,right,no early,hit,0,0,1387.0625,1388.2625,1388.2625,1388.3125,[],1387.7628,1388.2628,1385.5828,1385.5928,"[1388.5782, 1388.7353, 1388.9102]",1386.4125,1387.0625
205,1392.1519,1397.1579,206,N/A,N/A,N/A,206,audio delay,1,left,no early,hit,0,0,1394.1421,1395.3421,1395.3421,1395.3921,"[1395.6229, 1395.7823, 1395.9697]",[],[],1392.6519,1392.6619,[],1393.4921,1394.1421
206,1399.1987,1404.3066,207,N/A,N/A,N/A,207,audio delay,1,right,no early,hit,0,0,1401.1471,1402.3471,1402.3471,1402.3971,[],[],[],1399.6987,1399.7087,"[1402.7716, 1402.9864, 1403.1659]",1400.4971,1401.1471
207,1406.3525,1411.3784,208,N/A,N/A,N/A,208,audio delay,1,right,no early,hit,0,0,1408.2176,1409.4176,1409.4176,1409.4676,[],[],[],1406.8525,1406.8625,"[1409.8434, 1409.9871, 1410.1587]",1407.5676,1408.2176
208,1413.4202,1417.7262,209,N/A,N/A,N/A,209,audio delay,1,right,no early,miss,0,0,1415.2799,1417.0799,1417.0799,1417.1299,"[1417.2262, 1417.4013]",[],[],1413.9202,1413.9302,[],1414.6299,1415.2799
209,1419.7713,1424.8957,210,2.737,5.500,0.5000,210,audio delay,1,right,no early,hit,0,0,1421.8087,1423.0087,1423.0087,1423.0587,[],1422.5083,1423.0083,1420.2713,1420.2813,"[1423.3607, 1423.5666, 1423.7016]",1421.1587,1421.8087
210,1426.9395,1431.9386,211,N/A,N/A,N/A,211,audio delay,1,left,no early,hit,0,0,1428.9642,1430.1642,1430.1642,1430.2142,"[1430.4036, 1430.5754, 1430.76]",[],[],1427.4395,1427.4495,[],1428.3142,1428.9642
211,1433.9857,1438.8329,212,N/A,N/A,N/A,212,audio delay,1,right,no early,hit,0,0,1435.8544,1437.0544,1437.0544,1437.1044,[],[],[],1434.4857,1434.4957,"[1437.2979, 1437.4531, 1437.6662, 1437.8454]",1435.2044,1435.8544
212,1440.8864,1446.3988,213,N/A,N/A,N/A,213,audio delay,1,left,no early,hit,0,0,1442.8293,1444.6293,1444.6293,1444.6793,"[1444.8638, 1445.0074, 1445.1957, 1445.3483]",[],[],1441.3864,1441.3964,[],1442.1793,1442.8293
213,1448.4447,1454.327,214,N/A,N/A,N/A,214,audio delay,1,left,early,hit,0,0,"[1450.3539, 1451.448]","[1451.348, 1452.648]",1452.648,1452.698,"[1451.348, 1452.792, 1452.9042, 1453.0323, 1453.203, 1453.4025]",[],[],1448.9447,1448.9547,[],1449.7039,1450.3539
214,1456.3771,1461.9845,215,N/A,N/A,N/A,215,audio delay,1,right,no early,hit,0,0,1458.3364,1460.1364,1460.1364,1460.1864,[],[],[],1456.8771,1456.8871,"[1460.4495, 1460.658, 1460.8267]",1457.6864,1458.3364
215,1464.0327,1469.0578,216,N/A,N/A,N/A,216,audio delay,1,right,no early,hit,0,0,1466.083,1467.283,1467.283,1467.333,[],[],[],1464.5327,1464.5427,"[1467.5228, 1467.6532, 1467.8342, 1468.0328]",1465.433,1466.083
216,1471.1124,1475.9573,217,2.541,5.500,0.5000,217,audio delay,1,right,no early,hit,0,0,1472.9533,1474.1533,1474.1533,1474.2033,[],1473.6534,1474.1534,1471.6124,1471.6224,"[1474.4223, 1474.558, 1474.7734, 1474.9525, 1475.0958]",1472.3033,1472.9533
217,1478.0108,1482.1604,218,N/A,N/A,N/A,218,audio delay,1,right,no early,hit,0,0,1479.9769,1480.2769,1480.2769,1480.3269,[],[],[],1478.5108,1478.5208,"[1480.6254, 1480.755, 1480.9197, 1481.0827]",1479.3269,1479.9769
218,1484.2159,1489.1749,219,N/A,N/A,N/A,219,audio delay,1,left,no early,hit,0,0,1486.1482,1487.3482,1487.3482,1487.3982,"[1487.6399, 1487.7941, 1487.9734, 1488.1409, 1488.3296]",[],[],1484.7159,1484.7259,[],1485.4982,1486.1482
219,1491.2389,1496.0654,220,N/A,N/A,N/A,220,audio delay,1,right,no early,hit,0,0,1493.1374,1494.3374,1494.3374,1494.3874,[],[],[],1491.7389,1491.7489,"[1494.5304, 1494.6473, 1494.8192, 1495.0235, 1495.1962]",1492.4874,1493.1374
220,1498.1264,1503.0036,221,N/A,N/A,N/A,221,audio delay,1,right,no early,hit,0,0,1499.9582,1501.1582,1501.1582,1501.2082,[],[],[],1498.6264,1498.6364,"[1501.4686, 1501.672, 1501.8626, 1502.0274]",1499.3082,1499.9582
221,1505.0642,1510.0117,222,2.637,5.500,0.5000,222,audio delay,1,right,no early,hit,0,0,1507.0012,1508.2012,1508.2012,1508.2512,[],1507.7012,1508.2012,1505.5642,1505.5742,"[1508.4767, 1508.6867, 1508.8467, 1509.0105]",1506.3512,1507.0012
222,1512.0674,1516.9244,223,N/A,N/A,N/A,223,audio delay,1,left,no early,hit,0,0,1514.051,1515.251,1515.251,1515.301,"[1515.3894, 1515.5995, 1515.7419, 1515.8955]",[],[],1512.5674,1512.5774,[],1513.401,1514.051
223,1518.9878,1523.899,224,N/A,N/A,N/A,224,audio delay,1,left,no early,hit,0,0,1521.017,1522.217,1522.217,1522.267,"[1522.364, 1522.5123, 1522.6863, 1522.8339, 1523.0069]",[],[],1519.4878,1519.4978,[],1520.367,1521.017
224,1525.9625,1530.8401,225,N/A,N/A,N/A,225,audio delay,1,right,no early,hit,0,0,1527.8184,1529.0184,1529.0184,1529.0684,[],[],[],1526.4625,1526.4725,"[1529.3051, 1529.4811, 1529.6766, 1529.8593]",1527.1684,1527.8184
225,1532.9056,1537.8044,226,N/A,N/A,N/A,226,audio delay,1,right,no early,hit,0,0,1534.725,1535.925,1535.925,1535.975,[],[],[],1533.4056,1533.4156,"[1536.2694, 1536.4713, 1536.6591]",1534.075,1534.725
226,1539.8707,1544.9333,227,N/A,N/A,N/A,227,audio delay,1,right,no early,hit,0,0,1541.9248,1543.1248,1543.1248,1543.1748,[],[],[],1540.3707,1540.3807,"[1543.3983, 1543.5966, 1543.7605, 1543.9048]",1541.2748,1541.9248
227,1547.0028,1550.8724,228,N/A,N/A,N/A,228,audio delay,1,left,no early,miss,0,0,1548.8599,1550.0599,1550.0599,1550.1099,[],[],[],1547.5028,1547.5128,1550.3724,1548.2099,1548.8599
228,1552.9427,1557.9838,229,N/A,N/A,N/A,229,audio delay,1,left,no early,ignore,0,0,1554.9838,1556.1838,1556.1838,1556.2338,[],[],[],1553.4427,1553.4527,[],1554.3338,1554.9838
229,1560.0493,1565.1209,230,N/A,N/A,N/A,230,audio delay,1,left,no early,hit,0,0,1562.0985,1563.2985,1563.2985,1563.3485,"[1563.5859, 1563.7767, 1563.9289, 1564.0885]",[],[],1560.5493,1560.5593,[],1561.4485,1562.0985
230,1567.1881,1572.1866,231,N/A,N/A,N/A,231,audio delay,1,left,no early,hit,0,0,1569.08,1570.28,1570.28,1570.33,"[1570.6516, 1570.8913, 1571.0753, 1571.2316]",[],[],1567.6881,1567.6981,[],1568.43,1569.08
231,1574.2584,1579.2111,232,N/A,N/A,N/A,232,audio delay,1,right,no early,hit,0,0,1576.1299,1577.3299,1577.3299,1577.3799,[],[],[],1574.7584,1574.7684,"[1577.6761, 1577.8915, 1578.0695]",1575.4799,1576.1299
232,1581.2849,1586.4418,233,N/A,N/A,N/A,233,audio delay,1,right,no early,hit,0,0,1583.3177,1584.5177,1584.5177,1584.5677,[],[],[],1581.7849,1581.7949,1584.9068,1582.6677,1583.3177
233,1588.5161,1593.159,234,N/A,N/A,N/A,234,audio delay,1,left,no early,miss,0,0,1590.503,1591.703,1591.703,1591.753,[],[],[],1589.0161,1589.0261,1592.659,1589.853,1590.503
234,1595.2326,1600.0505,235,N/A,N/A,N/A,235,audio delay,1,left,no early,ignore,0,0,1597.0505,1598.2505,1598.2505,1598.3005,[],[],[],1595.7326,1595.7426,[],1596.4005,1597.0505
235,1602.1273,1607.1074,236,N/A,N/A,N/A,236,audio delay,1,left,no early,ignore,0,0,1604.1074,1605.3074,1605.3074,1605.3574,[],[],[],1602.6273,1602.6373,[],1603.4574,1604.1074
236,1609.19,1614.224,237,N/A,N/A,N/A,237,audio delay,1,left,no early,ignore,0,0,1611.224,1612.424,1612.424,1612.474,[],[],[],1609.69,1609.7,[],1610.574,1611.224
237,1616.3065,1621.1509,238,2.544,5.500,0.5000,238,audio delay,1,right,no early,ignore,0,0,1618.1509,1619.3509,1619.3509,1619.4009,[],1618.8505,1619.3505,1616.8065,1616.8165,[],1617.5009,1618.1509
238,1623.2293,1628.0533,239,N/A,N/A,N/A,239,audio delay,1,right,no early,ignore,0,0,1625.0533,1626.2533,1626.2533,1626.3033,[],[],[],1623.7293,1623.7393,[],1624.4033,1625.0533
239,1630.1361,1634.9809,240,N/A,N/A,N/A,240,audio delay,1,left,no early,ignore,0,0,1631.9809,1633.1809,1633.1809,1633.2309,[],[],[],1630.6361,1630.6461,[],1631.3309,1631.9809
240,1637.5659,1642.6275,241,2.727,5.500,0.5000,241,audio delay,1,left,no early,ignore,1,0,1639.5925,1640.7925,1640.7925,1640.8425,[],1640.2929,1640.7929,1638.0659,1638.0759,[],1638.9425,1639.5925
241,1644.7132,1650.1555,242,N/A,N/A,N/A,242,audio delay,1,left,no early,ignore,0,0,1646.5555,1648.3555,1648.3555,1648.4055,[],[],[],1645.2132,1645.2232,[],1645.9055,1646.5555
242,1652.2362,1657.1123,243,N/A,N/A,N/A,243,audio delay,1,right,no early,ignore,0,0,1654.1123,1655.3123,1655.3123,1655.3623,[],[],[],1652.7362,1652.7462,[],1653.4623,1654.1123
243,1659.2017,1664.184,244,2.682,5.500,0.5000,244,audio delay,1,right,no early,ignore,0,0,1661.184,1662.384,1662.384,1662.434,[],1661.8837,1662.3837,1659.7017,1659.7117,[],1660.534,1661.184
244,1666.274,1671.2496,245,N/A,N/A,N/A,245,audio delay,1,left,no early,ignore,0,0,1668.2496,1669.4496,1669.4496,1669.4996,[],[],[],1666.774,1666.784,[],1667.5996,1668.2496
245,1673.3417,1678.3048,246,N/A,N/A,N/A,246,audio delay,1,left,no early,ignore,0,0,1675.3048,1676.5048,1676.5048,1676.5548,[],[],[],1673.8417,1673.8517,[],1674.6548,1675.3048
246,1680.3975,1685.6702,247,N/A,N/A,N/A,247,audio delay,1,left,no early,hit,0,0,1682.4517,1683.6517,1683.6517,1683.7017,"[1684.1322, 1684.3347, 1684.4879]",[],[],1680.8975,1680.9075,[],1681.8017,1682.4517
247,1687.7616,1692.7998,248,N/A,N/A,N/A,248,audio delay,1,right,no early,ignore,0,0,1689.7998,1690.9998,1690.9998,1691.0498,[],[],[],1688.2616,1688.2716,[],1689.1498,1689.7998
248,1694.8953,1699.8288,249,N/A,N/A,N/A,249,audio delay,1,left,no early,ignore,0,0,1696.8288,1698.0288,1698.0288,1698.0788,[],[],[],1695.3953,1695.4053,[],1696.1788,1696.8288
249,1701.9258,1706.9652,250,N/A,N/A,N/A,250,audio delay,1,right,no early,ignore,0,0,1703.9652,1705.1652,1705.1652,1705.2152,[],[],[],1702.4258,1702.4358,[],1703.3152,1703.9652
250,1709.0578,1714.0988,251,N/A,N/A,N/A,251,audio delay,1,right,no early,ignore,0,0,1711.0988,1712.2988,1712.2988,1712.3488,[],[],[],1709.5578,1709.5678,[],1710.4488,1711.0988
251,1716.6979,1721.5548,252,2.557,5.500,0.5000,252,audio delay,1,left,no early,ignore,1,0,1718.5548,1719.7548,1719.7548,1719.8048,[],1719.2549,1719.7549,1717.1979,1717.2079,[],1717.9048,1718.5548
252,1723.6528,1728.6363,253,N/A,N/A,N/A,253,audio delay,1,right,no early,ignore,0,0,1725.6363,1726.8363,1726.8363,1726.8863,[],[],[],1724.1528,1724.1628,[],1724.9863,1725.6363
253,1730.7358,1735.7891,254,N/A,N/A,N/A,254,audio delay,1,left,no early,ignore,0,0,1732.7891,1733.9891,1733.9891,1734.0391,[],[],[],1731.2358,1731.2458,[],1732.1391,1732.7891
254,1737.8882,1741.3512,255,N/A,N/A,N/A,255,audio delay,1,right,no early,miss,0,0,1739.7555,1740.0555,1740.0555,1740.1055,1740.8512,[],[],1738.3882,1738.3982,[],1739.1055,1739.7555
255,1743.4548,1748.8314,256,N/A,N/A,N/A,256,audio delay,1,right,no early,hit,0,0,1745.3436,1746.5436,1746.5436,1746.5936,[],[],[],1743.9548,1743.9648,"[1747.2934, 1747.6109]",1744.6936,1745.3436
256,1750.9373,1755.9325,257,N/A,N/A,N/A,257,audio delay,1,right,no early,ignore,0,0,1752.9325,1754.1325,1754.1325,1754.1825,[],[],[],1751.4373,1751.4473,[],1752.2825,1752.9325
257,1758.0331,1762.9987,258,N/A,N/A,N/A,258,audio delay,1,right,no early,ignore,0,0,1759.9987,1761.1987,1761.1987,1761.2487,[],[],[],1758.5331,1758.5431,[],1759.3487,1759.9987
258,1765.1034,1770.2539,259,N/A,N/A,N/A,259,audio delay,1,left,no early,hit,0,0,1767.0673,1768.2673,1768.2673,1768.3173,"[1768.7159, 1768.7761, 1768.8895, 1769.0453]",[],[],1765.6034,1765.6134,[],1766.4173,1767.0673
259,1772.3573,1777.3363,260,N/A,N/A,N/A,260,audio delay,1,right,no early,ignore,0,0,1774.3363,1775.5363,1775.5363,1775.5863,[],[],[],1772.8573,1772.8673,[],1773.6863,1774.3363
260,1779.4424,1784.4653,261,N/A,N/A,N/A,261,audio delay,1,left,no early,hit,0,0,1781.3777,1782.5777,1782.5777,1782.6277,"[1782.9273, 1783.0511, 1783.218, 1783.381]",[],[],1779.9424,1779.9524,[],1780.7277,1781.3777
261,1786.57,1792.2184,262,N/A,N/A,N/A,262,audio delay,1,left,early,hit,0,0,"[1788.47, 1788.5706]","[1788.4706, 1790.3706]",1790.3706,1790.4206,"[1788.4706, 1790.6804, 1790.804, 1790.9849, 1791.1258]",[],[],1787.07,1787.08,[],1787.82,1788.47
262,1794.3273,1798.3548,263,N/A,N/A,N/A,263,audio delay,1,right,no early,miss,0,0,1796.3614,1797.5614,1797.5614,1797.6114,"[1797.8548, 1798.1739]",[],[],1794.8273,1794.8373,[],1795.7114,1796.3614
263,1800.4667,1804.5418,264,2.629,5.500,0.5000,264,audio delay,1,right,no early,miss,0,0,1802.3953,1803.5953,1803.5953,1803.6453,1804.0418,1803.0957,1803.5957,1800.9667,1800.9767,[],1801.7453,1802.3953
264,1807.1565,1811.4953,265,N/A,N/A,N/A,265,audio delay,1,right,no early,miss,1,0,1809.1391,1810.3391,1810.3391,1810.3891,1810.9953,[],[],1807.6565,1807.6665,[],1808.4891,1809.1391
265,1813.6106,1817.644,266,N/A,N/A,N/A,266,audio delay,1,right,no early,miss,0,0,1815.5269,1816.7269,1816.7269,1816.7769,1817.144,[],[],1814.1106,1814.1206,[],1814.8769,1815.5269
266,1819.7523,1824.683,267,N/A,N/A,N/A,267,audio delay,1,left,no early,ignore,0,0,1821.683,1822.883,1822.883,1822.933,[],[],[],1820.2523,1820.2623,[],1821.033,1821.683
267,1826.8006,1831.7461,268,N/A,N/A,N/A,268,audio delay,1,right,early,miss,0,0,"[1828.8476, 1829.3687, 1829.8594]","[1829.2687, 1829.7594, 1831.0594]",1831.0594,1831.1094,"[1829.2687, 1829.7594, 1831.2461]",[],[],1827.3006,1827.3106,[],1828.1976,1828.8476
268,1833.866,1839.2735,269,N/A,N/A,N/A,269,audio delay,1,left,early,miss,0,0,"[1835.7655, 1836.1383, 1836.6473, 1836.814, 1836.9938]","[1836.0383, 1836.5473, 1836.714, 1836.8938, 1838.1938]",1838.1938,1838.2438,[],[],[],1834.366,1834.376,"[1836.0383, 1836.5473, 1836.714, 1836.8938, 1838.7735]",1835.1155,1835.7655
269,1841.3939,1847.032,270,N/A,N/A,N/A,270,audio delay,1,right,no early,hit,0,0,1843.451,1844.651,1844.651,1844.701,[],[],[],1841.8939,1841.9039,"[1845.494, 1845.7023, 1845.829, 1845.9723]",1842.801,1843.451
270,1849.1534,1854.1637,271,N/A,N/A,N/A,271,audio delay,1,right,no early,ignore,0,0,1851.1637,1852.3637,1852.3637,1852.4137,[],[],[],1849.6534,1849.6634,[],1850.5137,1851.1637
271,1856.2858,1862.1823,272,N/A,N/A,N/A,272,audio delay,1,left,no early,hit,0,0,1858.2253,1860.0253,1860.0253,1860.0753,"[1860.6443, 1860.8228, 1860.9537]",[],[],1856.7858,1856.7958,[],1857.5753,1858.2253
272,1864.306,1869.2829,273,2.537,5.500,0.5000,273,audio delay,1,left,no early,hit,0,0,1866.1433,1867.3433,1867.3433,1867.3933,"[1867.7449, 1867.8927, 1868.0553, 1868.2133]",1866.843,1867.343,1864.806,1864.816,[],1865.4933,1866.1433
273,1871.4042,1876.7883,274,N/A,N/A,N/A,274,audio delay,1,right,no early,hit,0,0,1873.3331,1874.5331,1874.5331,1874.5831,[],[],[],1871.9042,1871.9142,"[1875.2503, 1875.4564]",1872.6831,1873.3331
274,1878.9182,1883.8678,275,N/A,N/A,N/A,275,audio delay,1,right,no early,ignore,0,0,1880.8678,1882.0678,1882.0678,1882.1178,[],[],[],1879.4182,1879.4282,[],1880.2178,1880.8678
275,1885.9935,1890.8943,276,N/A,N/A,N/A,276,audio delay,1,right,no early,ignore,0,0,1887.8943,1889.0943,1889.0943,1889.1443,[],[],[],1886.4935,1886.5035,[],1887.2443,1887.8943
276,1893.0272,1897.8548,277,N/A,N/A,N/A,277,audio delay,1,right,no early,ignore,0,0,1894.8548,1896.0548,1896.0548,1896.1048,[],[],[],1893.5272,1893.5372,[],1894.2048,1894.8548
277,1899.9841,1904.8178,278,2.534,5.500,0.5000,278,audio delay,1,left,no early,ignore,0,0,1901.8178,1903.0178,1903.0178,1903.0678,[],1902.5181,1903.0181,1900.4841,1900.4941,[],1901.1678,1901.8178
278,1906.9541,1911.7964,279,N/A,N/A,N/A,279,audio delay,1,right,no early,ignore,0,0,1908.7964,1909.9964,1909.9964,1910.0464,[],[],[],1907.4541,1907.4641,[],1908.1464,1908.7964
279,1913.9303,1918.9804,280,N/A,N/A,N/A,280,audio delay,1,left,no early,ignore,0,0,1915.9804,1917.1804,1917.1804,1917.2304,[],[],[],1914.4303,1914.4403,[],1915.3304,1915.9804
280,1921.1127,1925.126,281,N/A,N/A,N/A,281,audio delay,1,right,no early,miss,0,0,1922.9279,1924.1279,1924.1279,1924.1779,1924.626,[],[],1921.6127,1921.6227,[],1922.2779,1922.9279
281,1927.7725,1932.7327,282,N/A,N/A,N/A,282,audio delay,1,right,no early,ignore,1,0,1929.6877,1930.8877,1930.8877,1930.9377,[],[],[],1928.2725,1928.2825,[],1929.0377,1929.6877
282,1934.8643,1939.9063,283,N/A,N/A,N/A,283,audio delay,1,right,no early,ignore,0,0,1936.9063,1938.1063,1938.1063,1938.1563,[],[],[],1935.3643,1935.3743,[],1936.2563,1936.9063
283,1942.0401,1946.1967,284,N/A,N/A,N/A,284,audio delay,1,right,no early,ignore,0,0,1944.0967,1944.3967,1944.3967,1944.4467,[],[],[],1942.5401,1942.5501,[],1943.4467,1944.0967
284,1948.3307,1953.3571,285,N/A,N/A,N/A,285,audio delay,1,left,no early,ignore,0,0,1950.3571,1951.5571,1951.5571,1951.6071,[],[],[],1948.8307,1948.8407,[],1949.7071,1950.3571
285,1955.4947,1960.4227,286,N/A,N/A,N/A,286,audio delay,1,right,no early,ignore,0,0,1957.4227,1958.6227,1958.6227,1958.6727,[],[],[],1955.9947,1956.0047,[],1956.7727,1957.4227
286,1962.5653,1967.5367,287,N/A,N/A,N/A,287,audio delay,1,right,no early,ignore,0,0,1964.5367,1965.7367,1965.7367,1965.7867,[],[],[],1963.0653,1963.0753,[],1963.8867,1964.5367
287,1970.8581,1976.5154,288,N/A,N/A,N/A,288,audio delay,1,right,no early,hit,0,0,1972.821,1974.021,1974.021,1974.071,[],[],[],1971.3581,1971.3681,"[1974.9704, 1975.4288, 1975.5787]",1972.171,1972.821
288,1978.6663,1983.9863,289,N/A,N/A,N/A,289,audio delay,1,right,no early,hit,0,0,1980.4819,1981.6819,1981.6819,1981.7319,[],[],[],1979.1663,1979.1763,"[1982.4413, 1982.6471, 1982.8028]",1979.8319,1980.4819
289,1986.1328,1991.7986,290,N/A,N/A,N/A,290,audio delay,1,left,early,hit,0,0,"[1987.9627, 1988.208]","[1988.108, 1989.408]",1989.408,1989.458,"[1990.2536, 1990.461, 1990.5961]",[],[],1986.6328,1986.6428,1988.108,1987.3127,1987.9627
290,1993.9454,1998.802,291,2.557,5.500,0.5000,291,audio delay,1,right,no early,ignore,0,0,1995.802,1997.002,1997.002,1997.052,[],1996.5024,1997.0024,1994.4454,1994.4554,[],1995.152,1995.802
291,2000.9487,2005.9588,292,N/A,N/A,N/A,292,audio delay,1,right,no early,ignore,0,0,2002.9588,2004.1588,2004.1588,2004.2088,[],[],[],2001.4487,2001.4587,[],2002.3088,2002.9588
292,2008.1045,2013.1242,293,N/A,N/A,N/A,293,audio delay,1,left,no early,ignore,0,0,2010.1242,2011.3242,2011.3242,2011.3742,[],[],[],2008.6045,2008.6145,[],2009.4742,2010.1242
293,2015.2761,2020.2865,294,N/A,N/A,N/A,294,audio delay,1,left,no early,ignore,0,0,2017.2865,2018.4865,2018.4865,2018.5365,[],[],[],2015.7761,2015.7861,[],2016.6365,2017.2865
294,2022.4384,2027.3762,295,N/A,N/A,N/A,295,audio delay,1,right,no early,ignore,0,0,2024.3762,2025.5762,2025.5762,2025.6262,[],[],[],2022.9384,2022.9484,[],2023.7262,2024.3762
295,2029.5297,2034.4136,296,N/A,N/A,N/A,296,audio delay,1,left,no early,ignore,0,0,2031.4136,2032.6136,2032.6136,2032.6636,[],[],[],2030.0297,2030.0397,[],2030.7636,2031.4136
296,2036.5733,2040.5931,297,N/A,N/A,N/A,297,audio delay,1,right,no early,ignore,0,0,2038.4931,2038.7931,2038.7931,2038.8431,[],[],[],2037.0733,2037.0833,[],2037.8431,2038.4931
297,2042.7519,2047.6064,298,N/A,N/A,N/A,298,audio delay,1,right,no early,ignore,0,0,2044.6064,2045.8064,2045.8064,2045.8564,[],[],[],2043.2519,2043.2619,[],2043.9564,2044.6064
298,2050.2628,2055.1604,299,N/A,N/A,N/A,299,audio delay,1,left,no early,ignore,1,0,2052.1604,2053.3604,2053.3604,2053.4104,[],[],[],2050.7628,2050.7728,[],2051.5104,2052.1604
299,2057.3208,2062.2755,300,N/A,N/A,N/A,300,audio delay,1,left,no early,ignore,0,0,2059.2755,2060.4755,2060.4755,2060.5255,[],[],[],2057.8208,2057.8308,[],2058.6255,2059.2755
300,2064.4348,2069.4166,301,N/A,N/A,N/A,301,audio delay,1,right,no early,ignore,0,0,2066.4166,2067.6166,2067.6166,2067.6666,[],[],[],2064.9348,2064.9448,[],2065.7666,2066.4166
301,2071.5751,2076.562,302,N/A,N/A,N/A,302,audio delay,1,right,no early,ignore,0,0,2073.562,2074.762,2074.762,2074.812,[],[],[],2072.0751,2072.0851,[],2072.912,2073.562
302,2078.7241,2083.6245,303,N/A,N/A,N/A,303,audio delay,1,right,no early,ignore,0,0,2080.6245,2081.8245,2081.8245,2081.8745,[],[],[],2079.2241,2079.2341,[],2079.9745,2080.6245
303,2085.7906,2090.7668,304,N/A,N/A,N/A,304,audio delay,1,right,no early,ignore,0,0,2087.7668,2088.9668,2088.9668,2089.0168,[],[],[],2086.2906,2086.3006,[],2087.1168,2087.7668
304,2092.9443,2098.1199,305,N/A,N/A,N/A,305,audio delay,1,left,no early,hit,0,0,2094.9244,2096.1244,2096.1244,2096.1744,"[2096.5749, 2096.7085, 2096.8908, 2097.0423]",[],[],2093.4443,2093.4543,[],2094.2744,2094.9244
305,2100.2848,2104.3961,306,2.746,5.500,0.5000,306,audio delay,1,right,no early,miss,0,0,2102.3312,2103.5312,2103.5312,2103.5812,2103.8961,2103.0308,2103.5308,2100.7848,2100.7948,[],2101.6812,2102.3312
306,2106.5621,2110.4775,307,N/A,N/A,N/A,307,audio delay,1,right,no early,miss,0,0,2108.5149,2109.7149,2109.7149,2109.7649,2109.9775,[],[],2107.0621,2107.0721,[],2107.8649,2108.5149
307,2112.6456,2116.6074,308,N/A,N/A,N/A,308,audio delay,1,right,no early,miss,0,0,2114.5643,2115.7643,2115.7643,2115.8143,2116.1074,[],[],2113.1456,2113.1556,[],2113.9143,2114.5643
308,2118.7792,2122.98,309,N/A,N/A,N/A,309,audio delay,1,right,no early,miss,0,0,2120.7993,2121.9993,2121.9993,2122.0493,"[2122.48, 2122.6241]",[],[],2119.2792,2119.2892,[],2120.1493,2120.7993
309,2126.1138,2131.1066,310,N/A,N/A,N/A,310,audio delay,1,left,no early,hit,1,0,2127.9913,2129.1913,2129.1913,2129.2413,"[2129.5616, 2129.6873, 2129.8305, 2129.9914]",[],[],2126.6138,2126.6238,[],2127.3413,2127.9913
310,2133.2814,2137.4508,311,N/A,N/A,N/A,311,audio delay,1,right,no early,miss,0,0,2135.2982,2136.4982,2136.4982,2136.5482,"[2136.9508, 2137.1166]",[],[],2133.7814,2133.7914,[],2134.6482,2135.2982
311,2139.6273,2143.5668,312,2.587,5.500,0.5000,312,audio delay,1,right,no early,miss,0,0,2141.5142,2142.7142,2142.7142,2142.7642,2143.0668,2142.2143,2142.7143,2140.1273,2140.1373,[],2140.8642,2141.5142
312,2145.741,2150.7211,313,N/A,N/A,N/A,313,audio delay,1,right,no early,ignore,0,0,2147.7211,2148.9211,2148.9211,2148.9711,[],[],[],2146.241,2146.251,[],2147.0711,2147.7211
313,2152.907,2156.9773,314,2.650,5.500,0.5000,314,audio delay,1,right,no early,miss,0,0,2154.8574,2156.0574,2156.0574,2156.1074,2156.4773,2155.557,2156.057,2153.407,2153.417,[],2154.2074,2154.8574
314,2159.1509,2164.0539,315,2.603,5.500,0.5000,315,audio delay,1,left,no early,ignore,0,0,2161.0539,2162.2539,2162.2539,2162.3039,[],2161.7539,2162.2539,2159.6509,2159.6609,[],2160.4039,2161.0539
315,2166.2337,2170.1235,316,N/A,N/A,N/A,316,audio delay,1,right,no early,miss,0,0,2168.0696,2169.2696,2169.2696,2169.3196,2169.6235,[],[],2166.7337,2166.7437,[],2167.4196,2168.0696
316,2172.3092,2176.7964,317,N/A,N/A,N/A,317,audio delay,1,right,no early,miss,0,0,2174.1474,2175.9474,2175.9474,2175.9974,2176.2964,[],[],2172.8092,2172.8192,[],2173.4974,2174.1474
317,2178.9819,2182.9991,318,N/A,N/A,N/A,318,audio delay,1,right,no early,miss,0,0,2180.8259,2182.0259,2182.0259,2182.0759,"[2182.4991, 2182.6646]",[],[],2179.4819,2179.4919,[],2180.1759,2180.8259
318,2185.1863,2190.049,319,N/A,N/A,N/A,319,audio delay,1,right,no early,ignore,0,0,2187.049,2188.249,2188.249,2188.299,[],[],[],2185.6863,2185.6963,[],2186.399,2187.049
319,2192.2371,2197.2837,320,N/A,N/A,N/A,320,audio delay,1,left,no early,ignore,0,0,2194.2837,2195.4837,2195.4837,2195.5337,[],[],[],2192.7371,2192.7471,[],2193.6337,2194.2837
320,2199.9778,2204.0431,321,N/A,N/A,N/A,321,audio delay,1,right,no early,ignore,1,0,2201.8981,2202.1981,2202.1981,2202.2481,[],[],[],2200.4778,2200.4878,[],2201.2481,2201.8981
321,2206.7114,2211.7273,322,N/A,N/A,N/A,322,audio delay,1,right,no early,ignore,0,0,2208.7273,2209.9273,2209.9273,2209.9773,[],[],[],2207.2114,2207.2214,[],2208.0773,2208.7273
322,2213.9184,2218.6112,323,N/A,N/A,N/A,323,audio delay,1,right,no early,miss,0,0,2215.9727,2217.7727,2217.7727,2217.8227,2218.1112,[],[],2214.4184,2214.4284,[],2215.3227,2215.9727
323,2220.7942,2225.7624,324,N/A,N/A,N/A,324,audio delay,1,right,no early,ignore,0,0,2222.7624,2223.9624,2223.9624,2224.0124,[],[],[],2221.2942,2221.3042,[],2222.1124,2222.7624
324,2227.9526,2232.7708,325,N/A,N/A,N/A,325,audio delay,1,left,no early,ignore,0,0,2229.7708,2230.9708,2230.9708,2231.0208,[],[],[],2228.4526,2228.4626,[],2229.1208,2229.7708
325,2234.9593,2239.1209,326,N/A,N/A,N/A,326,audio delay,1,right,no early,miss,0,0,2236.7792,2237.9792,2237.9792,2238.0292,2238.6209,[],[],2235.4593,2235.4693,[],2236.1292,2236.7792
326,2241.3096,2246.2096,327,N/A,N/A,N/A,327,audio delay,1,right,no early,ignore,0,0,2243.2096,2244.4096,2244.4096,2244.4596,[],[],[],2241.8096,2241.8196,[],2242.5596,2243.2096
327,2248.3977,2253.277,328,N/A,N/A,N/A,328,audio delay,1,right,no early,ignore,0,0,2250.277,2251.477,2251.477,2251.527,[],[],[],2248.8977,2248.9077,[],2249.627,2250.277
328,2255.4743,2259.4043,329,N/A,N/A,N/A,329,audio delay,1,right,no early,ignore,0,0,2257.3043,2257.6043,2257.6043,2257.6543,[],[],[],2255.9743,2255.9843,[],2256.6543,2257.3043
329,2261.594,2266.5104,330,N/A,N/A,N/A,330,audio delay,1,left,no early,ignore,0,0,2263.5104,2264.7104,2264.7104,2264.7604,[],[],[],2262.094,2262.104,[],2262.8604,2263.5104
330,2268.7086,2272.7385,331,N/A,N/A,N/A,331,audio delay,1,left,no early,ignore,0,0,2270.6385,2270.9385,2270.9385,2270.9885,[],[],[],2269.2086,2269.2186,[],2269.9885,2270.6385
331,2275.4363,2280.4624,332,N/A,N/A,N/A,332,audio delay,1,left,no early,ignore,1,0,2277.4624,2278.6624,2278.6624,2278.7124,[],[],[],2275.9363,2275.9463,[],2276.8124,2277.4624
332,2282.6619,2287.6906,333,N/A,N/A,N/A,333,audio delay,1,right,no early,ignore,0,0,2284.6906,2285.8906,2285.8906,2285.9406,[],[],[],2283.1619,2283.1719,[],2284.0406,2284.6906
333,2289.8942,2294.8555,334,N/A,N/A,N/A,334,audio delay,1,right,no early,ignore,0,0,2291.8555,2293.0555,2293.0555,2293.1055,[],[],[],2290.3942,2290.4042,[],2291.2055,2291.8555
334,2297.0576,2302.2483,335,N/A,N/A,N/A,335,audio delay,1,left,no early,hit,0,0,2299.0445,2300.2445,2300.2445,2300.2945,"[2300.7033, 2300.8719, 2301.0631, 2301.2245]",[],[],2297.5576,2297.5676,[],2298.3945,2299.0445
335,2304.4511,2308.15,336,N/A,N/A,N/A,336,audio delay,1,right,no early,miss,0,0,2306.2796,2307.4796,2307.4796,2307.5296,"[2307.65, 2307.6979, 2307.8219]",[],[],2304.9511,2304.9611,[],2305.6296,2306.2796
336,2310.3545,2314.1286,337,2.587,5.500,0.5000,337,audio delay,1,right,no early,miss,0,0,2312.2411,2313.4411,2313.4411,2313.4911,2313.6286,2312.9415,2313.4415,2310.8545,2310.8645,2313.99,2311.5911,2312.2411
337,2316.3902,2321.5534,338,N/A,N/A,N/A,338,audio delay,1,right,no early,hit,0,0,2318.2211,2319.4211,2319.4211,2319.4711,[],[],[],2316.8902,2316.9002,"[2320.0084, 2320.1389, 2320.3241]",2317.5711,2318.2211
338,2323.759,2328.1821,339,2.734,5.500,0.5000,339,audio delay,1,right,no early,miss,0,0,2325.7926,2326.9926,2326.9926,2327.0426,2327.6821,2326.493,2326.993,2324.259,2324.269,[],2325.1426,2325.7926
339,2330.391,2334.3262,340,N/A,N/A,N/A,340,audio delay,1,left,no early,ignore,0,0,2332.2262,2332.5262,2332.5262,2332.5762,[],[],[],2330.891,2330.901,[],2331.5762,2332.2262
340,2336.5372,2341.5669,341,N/A,N/A,N/A,341,audio delay,1,right,no early,ignore,0,0,2338.5669,2339.7669,2339.7669,2339.8169,[],[],[],2337.0372,2337.0472,[],2337.9169,2338.5669
341,2343.7732,2348.6679,342,N/A,N/A,N/A,342,audio delay,1,right,no early,ignore,0,0,2345.6679,2346.8679,2346.8679,2346.9179,[],[],[],2344.2732,2344.2832,[],2345.0179,2345.6679
342,2350.8808,2356.5216,343,N/A,N/A,N/A,343,audio delay,1,right,no early,ignore,0,0,2352.9216,2354.7216,2354.7216,2354.7716,[],[],[],2351.3808,2351.3908,[],2352.2716,2352.9216
343,2358.7342,2363.7378,344,N/A,N/A,N/A,344,audio delay,1,right,no early,ignore,0,0,2360.7378,2361.9378,2361.9378,2361.9878,[],[],[],2359.2342,2359.2442,[],2360.0878,2360.7378
344,2366.4521,2371.3028,345,2.551,5.500,0.5000,345,audio delay,1,left,no early,ignore,1,0,2368.3028,2369.5028,2369.5028,2369.5528,[],2369.0031,2369.5031,2366.9521,2366.9621,[],2367.6528,2368.3028
345,2373.5172,2378.5081,346,2.691,5.500,0.5000,346,audio delay,1,right,no early,ignore,0,0,2375.5081,2376.7081,2376.7081,2376.7581,[],2376.2082,2376.7082,2374.0172,2374.0272,[],2374.8581,2375.5081
346,2380.7224,2385.6829,347,N/A,N/A,N/A,347,audio delay,1,right,no early,ignore,0,0,2382.6829,2383.8829,2383.8829,2383.9329,[],[],[],2381.2224,2381.2324,[],2382.0329,2382.6829
347,2387.898,2392.7615,348,N/A,N/A,N/A,348,audio delay,1,right,no early,ignore,0,0,2389.7615,2390.9615,2390.9615,2391.0115,[],[],[],2388.398,2388.408,[],2389.1115,2389.7615
348,2394.9808,2399.9589,349,N/A,N/A,N/A,349,audio delay,1,right,no early,ignore,0,0,2396.9589,2398.1589,2398.1589,2398.2089,[],[],[],2395.4808,2395.4908,[],2396.3089,2396.9589
349,2402.1757,2407.1866,350,2.711,5.500,0.5000,350,audio delay,1,left,no early,ignore,0,0,2404.1866,2405.3866,2405.3866,2405.4366,[],2404.8867,2405.3867,2402.6757,2402.6857,[],2403.5366,2404.1866
350,2409.4168,2414.2956,351,N/A,N/A,N/A,351,audio delay,1,right,no early,ignore,0,0,2411.2956,2412.4956,2412.4956,2412.5456,[],[],[],2409.9168,2409.9268,[],2410.6456,2411.2956
351,2416.5234,2421.4045,352,2.581,5.500,0.5000,352,audio delay,1,right,no early,ignore,0,0,2418.4045,2419.6045,2419.6045,2419.6545,[],2419.1044,2419.6044,2417.0234,2417.0334,[],2417.7545,2418.4045
352,2423.6292,2428.5049,353,N/A,N/A,N/A,353,audio delay,1,right,no early,ignore,0,0,2425.5049,2426.7049,2426.7049,2426.7549,[],[],[],2424.1292,2424.1392,[],2424.8549,2425.5049
353,2430.7296,2435.6313,354,N/A,N/A,N/A,354,audio delay,1,right,no early,ignore,0,0,2432.6313,2433.8313,2433.8313,2433.8813,[],[],[],2431.2296,2431.2396,[],2431.9813,2432.6313
354,2437.8614,2442.7313,355,2.570,5.500,0.5000,355,audio delay,1,left,no early,ignore,0,0,2439.7313,2440.9313,2440.9313,2440.9813,[],2440.4314,2440.9314,2438.3614,2438.3714,[],2439.0813,2439.7313
355,2445.4567,2450.3204,356,N/A,N/A,N/A,356,audio delay,1,left,no early,ignore,1,0,2447.3204,2448.5204,2448.5204,2448.5704,[],[],[],2445.9567,2445.9667,[],2446.6704,2447.3204
356,2452.5527,2457.4156,357,N/A,N/A,N/A,357,audio delay,1,right,no early,ignore,0,0,2454.4156,2455.6156,2455.6156,2455.6656,[],[],[],2453.0527,2453.0627,[],2453.7656,2454.4156
357,2459.6409,2464.6867,358,2.746,5.500,0.5000,358,audio delay,1,right,no early,ignore,0,0,2461.6867,2462.8867,2462.8867,2462.9367,[],2462.3869,2462.8869,2460.1409,2460.1509,[],2461.0367,2461.6867
358,2466.9291,2471.9148,359,2.636,5.500,0.5000,359,audio delay,1,right,no early,ignore,1,0,2468.8648,2470.0648,2470.0648,2470.1148,[],2469.5651,2470.0651,2467.4291,2467.4391,[],2468.2148,2468.8648
359,2474.148,2479.6613,360,N/A,N/A,N/A,360,audio delay,1,left,no early,ignore,1,0,2476.0113,2477.8113,2477.8113,2477.8613,[],[],[],2474.648,2474.658,[],2475.3613,2476.0113
360,2481.8974,2486.8222,361,N/A,N/A,N/A,361,audio delay,1,right,no early,ignore,1,0,2483.7722,2484.9722,2484.9722,2485.0222,[],[],[],2482.3974,2482.4074,[],2483.1222,2483.7722
361,2490.792,2496.0158,362,N/A,N/A,N/A,362,audio delay,1,right,no early,hit,1,0,2492.8257,2494.0257,2494.0257,2494.0757,2494.9458,[],[],2491.292,2491.302,"[2494.5157, 2495.1212, 2495.2704, 2495.4339]",2492.1757,2492.8257
362,2498.254,2503.5939,363,3.141,5.500,0.5000,363,audio delay,1,left,early,hit,1,0,"[2500.0738, 2500.4858, 2500.6947]","[2500.3858, 2500.5947, 2501.8947]",2501.8947,2501.9447,"[2500.3858, 2502.0938, 2502.3316, 2502.496, 2502.6549]",2501.395,2501.895,2498.754,2498.764,2500.5947,2499.4238,2500.0738
363,2505.835,2510.7591,364,N/A,N/A,N/A,364,audio delay,1,right,no early,ignore,1,0,2507.7091,2508.9091,2508.9091,2508.9591,2509.0051,[],[],2506.335,2506.345,[],2507.0591,2507.7091
364,2512.9993,2517.7416,365,N/A,N/A,N/A,365,audio delay,1,left,no early,hit,1,0,2514.9078,2516.1078,2516.1078,2516.1578,"[2516.2415, 2516.3901, 2516.5265, 2516.6758]",[],[],2513.4993,2513.5093,[],2514.2578,2514.9078
365,2519.9783,2523.7955,366,N/A,N/A,N/A,366,audio delay,1,right,no early,miss,1,0,2521.8393,2523.0393,2523.0393,2523.0893,2523.2955,[],[],2520.4783,2520.4883,[],2521.1893,2521.8393
366,2528.3328,2533.2352,367,2.556,5.500,0.5000,367,audio delay,1,right,no early,hit,1,0,2530.1884,2531.3884,2531.3884,2531.4384,[],2530.8888,2531.3888,2528.8328,2528.8428,"[2531.7351, 2531.9029, 2532.0539]",2529.5384,2530.1884
367,2535.4799,2539.5638,368,N/A,N/A,N/A,368,audio delay,1,right,early,miss,1,0,"[2537.3051, 2537.4579, 2537.6135]","[2537.3579, 2537.5135, 2538.8135]",2538.8135,2538.8635,2539.0638,[],[],2535.9799,2535.9899,"[2537.3579, 2537.5135]",2536.6551,2537.3051
368,2542.4894,2546.914,369,N/A,N/A,N/A,369,audio delay,1,right,no early,miss,1,0,2544.3107,2546.1107,2546.1107,2546.1607,2546.414,[],[],2542.9894,2542.9994,"[2546.5545, 2546.7192, 2546.8872]",2543.6607,2544.3107
369,2549.1649,2553.068,370,N/A,N/A,N/A,370,audio delay,1,left,no early,miss,1,0,2551.0101,2552.2101,2552.2101,2552.2601,2552.8933,[],[],2549.6649,2549.6749,"[2552.568, 2552.7215]",2550.3601,2551.0101
370,2555.7033,2560.6893,371,N/A,N/A,N/A,371,audio delay,1,right,no early,hit,1,0,2557.7556,2558.9556,2558.9556,2559.0056,[],[],[],2556.2033,2556.2133,"[2559.0412, 2559.1892, 2559.3255]",2557.1056,2557.7556
371,2562.9436,2567.827,372,2.527,5.500,0.5000,372,audio delay,1,right,no early,hit,1,0,2564.7701,2565.9701,2565.9701,2566.0201,2567.2673,2565.4706,2565.9706,2563.4436,2563.4536,"[2566.3269, 2566.507, 2566.685, 2567.4735, 2567.639, 2567.8223]",2564.1201,2564.7701
372,2570.2177,2574.6767,373,N/A,N/A,N/A,373,audio delay,1,right,early,miss,0,0,2572.7802,2573.9802,2573.9802,2574.0302,"[2574.1767, 2574.5199]",[],[],2570.7177,2570.7277,2572.0302,"[2571.4491, 2572.1302]","[2572.0302, 2572.7802]"
373,2576.9345,2580.6423,374,N/A,N/A,N/A,374,audio delay,1,right,no early,miss,0,0,2578.8264,2580.0264,2580.0264,2580.0764,2580.1423,[],[],2577.4345,2577.4445,[],2578.1764,2578.8264
374,2582.8993,2587.7888,375,2.641,5.500,0.5000,375,audio delay,1,left,no early,hit,0,0,2584.8399,2586.0399,2586.0399,2586.0899,"[2586.2388, 2586.4092, 2586.5552, 2586.7106]",2585.5403,2586.0403,2583.3993,2583.4093,[],2584.1899,2584.8399
375,2590.0428,2593.87,376,2.700,5.500,0.5000,376,audio delay,1,right,no early,miss,0,0,2592.0431,2593.2431,2593.2431,2593.2931,2593.37,2592.7428,2593.2428,2590.5428,2590.5528,[],2591.3931,2592.0431
376,2596.1244,2601.1825,377,N/A,N/A,N/A,377,audio delay,1,right,no early,hit,0,0,2598.1646,2599.3646,2599.3646,2599.4146,[],[],[],2596.6244,2596.6344,"[2599.6325, 2599.762, 2599.9469]",2597.5146,2598.1646
377,2603.4413,2608.3412,378,N/A,N/A,N/A,378,audio delay,1,right,no early,hit,0,0,2605.2647,2606.4647,2606.4647,2606.5147,[],[],[],2603.9413,2603.9513,"[2606.7912, 2606.927, 2607.0969, 2607.276]",2604.6147,2605.2647
378,2610.6064,2615.5453,379,2.537,5.500,0.5000,379,audio delay,1,right,no early,hit,0,0,2612.4437,2613.6437,2613.6437,2613.6937,[],2613.1434,2613.6434,2611.1064,2611.1164,"[2613.9953, 2614.1571, 2614.3553, 2614.52]",2611.7937,2612.4437
379,2617.8089,2621.7499,380,N/A,N/A,N/A,380,audio delay,1,left,no early,miss,0,0,2619.6681,2620.8681,2620.8681,2620.9181,2621.5636,[],[],2618.3089,2618.3189,"[2621.2499, 2621.3921]",2619.0181,2619.6681
380,2624.0075,2628.9762,381,N/A,N/A,N/A,381,audio delay,1,right,no early,hit,0,0,2625.8472,2627.0472,2627.0472,2627.0972,[],[],[],2624.5075,2624.5175,"[2627.4262, 2627.5608, 2627.7052]",2625.1972,2625.8472
381,2631.2488,2636.0774,382,3.353,5.500,0.5000,382,audio delay,1,left,early,miss,0,0,2633.9018,2635.1018,2635.1018,2635.1518,[],2634.6018,2635.1018,2631.7488,2631.7588,"[2633.1518, 2635.5774]","[2632.519, 2633.2518]","[2633.1518, 2633.9018]"
382,2638.3556,2642.5279,383,N/A,N/A,N/A,383,audio delay,1,left,no early,hit,0,0,2640.2415,2640.5415,2640.5415,2640.5915,"[2640.9779, 2641.1294, 2641.2994, 2641.4677]",[],[],2638.8556,2638.8656,[],2639.5915,2640.2415
383,2644.7996,2648.7013,384,2.590,5.500,0.5000,384,audio delay,1,right,no early,miss,0,0,2646.6897,2647.8897,2647.8897,2647.9397,2648.2013,2647.3896,2647.8896,2645.2996,2645.3096,[],2646.0397,2646.6897
384,2650.966,2656.2601,385,N/A,N/A,N/A,385,audio delay,1,right,no early,hit,0,0,2652.9559,2654.1559,2654.1559,2654.2059,[],[],[],2651.466,2651.476,"[2654.7101, 2655.0505]",2652.3059,2652.9559
385,2658.5189,2662.3818,386,N/A,N/A,N/A,386,audio delay,1,right,no early,miss,0,0,2660.3386,2661.5386,2661.5386,2661.5886,2661.8818,[],[],2659.0189,2659.0289,[],2659.6886,2660.3386
386,2664.6502,2668.5379,387,2.553,5.500,0.5000,387,audio delay,1,right,no early,miss,0,0,2666.5031,2667.7031,2667.7031,2667.7531,2668.0379,2667.2032,2667.7032,2665.1502,2665.1602,[],2665.8531,2666.5031
387,2670.8112,2675.6361,388,N/A,N/A,N/A,388,audio delay,1,left,no early,ignore,0,0,2672.6361,2673.8361,2673.8361,2673.8861,[],[],[],2671.3112,2671.3212,[],2671.9861,2672.6361
388,2677.9089,2682.8415,389,N/A,N/A,N/A,389,audio delay,1,left,no early,hit,0,0,2679.76,2680.96,2680.96,2681.01,"[2681.2915, 2681.98, 2682.2305]",[],[],2678.4089,2678.4189,[],2679.11,2679.76
389,2685.1082,2689.3618,390,N/A,N/A,N/A,390,audio delay,1,right,no early,miss,0,0,2687.0637,2688.2637,2688.2637,2688.3137,2688.8618,[],[],2685.6082,2685.6182,[],2686.4137,2687.0637
390,2691.6312,2696.6445,391,N/A,N/A,N/A,391,audio delay,1,right,no early,ignore,0,0,2693.6445,2694.8445,2694.8445,2694.8945,[],[],[],2692.1312,2692.1412,[],2692.9945,2693.6445
391,2698.9139,2703.8567,392,N/A,N/A,N/A,392,audio delay,1,left,no early,ignore,0,0,2700.8567,2702.0567,2702.0567,2702.1067,"[2703.7083, 2703.7673]",[],[],2699.4139,2699.4239,[],2700.2067,2700.8567
392,2706.1314,2711.0657,393,N/A,N/A,N/A,393,audio delay,1,right,no early,ignore,0,0,2708.0657,2709.2657,2709.2657,2709.3157,[],[],[],2706.6314,2706.6414,[],2707.4157,2708.0657
393,2713.8389,2718.9044,394,N/A,N/A,N/A,394,audio delay,1,left,no early,hit,1,0,2715.8437,2717.0437,2717.0437,2717.0937,"[2717.3544, 2718.6543, 2718.8746]",[],[],2714.3389,2714.3489,[],2715.1937,2715.8437
394,2721.3077,2726.1583,395,N/A,N/A,N/A,395,audio delay,1,right,no early,ignore,0,0,2723.1583,2724.3583,2724.3583,2724.4083,[],[],[],2721.8077,2721.8177,[],2722.5083,2723.1583
395,2728.4318,2733.4857,396,2.754,5.500,0.5000,396,audio delay,1,right,no early,ignore,0,0,2730.4857,2731.6857,2731.6857,2731.7357,[],2731.1858,2731.6858,2728.9318,2728.9418,[],2729.8357,2730.4857
396,2735.7658,2740.7828,397,N/A,N/A,N/A,397,audio delay,1,right,no early,ignore,0,0,2737.7828,2738.9828,2738.9828,2739.0328,[],[],[],2736.2658,2736.2758,[],2737.1328,2737.7828
397,2743.0646,2747.8996,398,N/A,N/A,N/A,398,audio delay,1,left,no early,ignore,0,0,2744.8996,2746.0996,2746.0996,2746.1496,[],[],[],2743.5646,2743.5746,[],2744.2496,2744.8996
398,2750.1855,2755.1447,399,N/A,N/A,N/A,399,audio delay,1,right,no early,ignore,0,0,2752.1447,2753.3447,2753.3447,2753.3947,[],[],[],2750.6855,2750.6955,[],2751.4947,2752.1447
399,2757.4316,2762.4705,400,2.739,5.500,0.5000,400,audio delay,1,left,no early,ignore,0,0,2759.4705,2760.6705,2760.6705,2760.7205,[],2760.1706,2760.6706,2757.9316,2757.9416,[],2758.8205,2759.4705
400,2764.7581,2770.3664,401,N/A,N/A,N/A,401,audio delay,1,right,no early,ignore,0,0,2766.7664,2768.5664,2768.5664,2768.6164,[],[],[],2765.2581,2765.2681,[],2766.1164,2766.7664
401,2772.6511,2777.4943,402,N/A,N/A,N/A,402,audio delay,1,right,no early,ignore,0,0,2774.4943,2775.6943,2775.6943,2775.7443,[],[],[],2773.1511,2773.1611,[],2773.8443,2774.4943
402,2779.7849,2784.5975,403,N/A,N/A,N/A,403,audio delay,1,right,no early,ignore,0,0,2781.5975,2782.7975,2782.7975,2782.8475,[],[],[],2780.2849,2780.2949,[],2780.9475,2781.5975
403,2786.8911,2792.868,404,N/A,N/A,N/A,404,audio delay,1,right,no early,hit,1,0,2788.8263,2790.0263,2790.0263,2790.0763,[],[],[],2787.3911,2787.4011,"[2791.3679, 2791.6391, 2791.7854]",2788.1763,2788.8263
404,2795.1619,2800.1425,405,2.652,5.500,0.5000,405,audio delay,1,left,no early,hit,1,0,2797.1139,2798.3139,2798.3139,2798.3639,"[2798.6424, 2798.7932, 2798.9399, 2799.0939]",2797.8139,2798.3139,2795.6619,2795.6719,[],2796.4639,2797.1139
405,2802.4374,2808.6828,406,N/A,N/A,N/A,406,audio delay,1,right,early,hit,1,0,"[2804.3487, 2805.6281]","[2805.5281, 2806.8281]",2806.8281,2806.8781,"[2807.5628, 2808.2056, 2808.3599, 2808.5332]",[],[],2802.9374,2802.9474,"[2805.5281, 2807.1827, 2807.725, 2808.0256]",2803.6987,2804.3487
406,2810.9827,2815.9599,407,N/A,N/A,N/A,407,audio delay,1,right,no early,hit,0,0,2812.9263,2814.1263,2814.1263,2814.1763,[],[],[],2811.4827,2811.4927,"[2814.3849, 2814.5017, 2814.6558, 2815.3725, 2815.5259]",2812.2763,2812.9263
407,2818.2596,2823.2595,408,N/A,N/A,N/A,408,audio delay,1,left,no early,hit,0,0,2820.2172,2821.4172,2821.4172,2821.4672,"[2821.6845, 2822.9319, 2823.174]",[],[],2818.7596,2818.7696,[],2819.5672,2820.2172
408,2825.7981,2831.0979,409,2.948,5.500,0.5000,409,audio delay,1,left,early,hit,0,0,2828.0458,2829.2458,2829.2458,2829.2958,"[2827.2958, 2829.5229, 2830.3271, 2830.5674, 2830.7342, 2830.8934]",2828.7461,2829.2461,2826.2981,2826.3081,[],"[2827.0596, 2827.3958]","[2827.2958, 2828.0458]"
409,2833.3941,2837.6182,410,2.696,5.500,0.5000,410,audio delay,1,right,no early,miss,0,0,2835.3896,2836.5896,2836.5896,2836.6396,2837.1182,2836.0901,2836.5901,2833.8941,2833.9041,[],2834.7396,2835.3896
410,2839.919,2844.0193,411,2.756,5.500,0.5000,411,audio delay,1,right,no early,miss,0,0,2841.9753,2843.1753,2843.1753,2843.2253,2843.5193,2842.675,2843.175,2840.419,2840.429,[],2841.3253,2841.9753
411,2846.3208,2850.402,412,N/A,N/A,N/A,412,audio delay,1,right,no early,miss,0,0,2848.364,2849.564,2849.564,2849.614,2849.902,[],[],2846.8208,2846.8308,[],2847.714,2848.364
412,2852.7045,2857.7632,413,N/A,N/A,N/A,413,audio delay,1,left,no early,hit,0,0,2854.6921,2855.8921,2855.8921,2855.9421,"[2856.1882, 2856.3802, 2856.5295, 2856.6658]",[],[],2853.2045,2853.2145,[],2854.0421,2854.6921
413,2860.0505,2864.002,414,N/A,N/A,N/A,414,audio delay,1,right,no early,miss,0,0,2862.0,2863.2,2863.2,2863.25,2863.502,[],[],2860.5505,2860.5605,[],2861.35,2862.0
414,2866.3033,2870.134,415,N/A,N/A,N/A,415,audio delay,1,right,no early,miss,0,0,2868.1395,2869.3395,2869.3395,2869.3895,2869.634,[],[],2866.8033,2866.8133,[],2867.4895,2868.1395
415,2872.9408,2877.839,416,N/A,N/A,N/A,416,audio delay,1,right,no early,hit,1,0,2874.9727,2875.2727,2875.2727,2875.3227,[],[],[],2873.4408,2873.4508,"[2876.3389, 2876.6625, 2876.8112]",2874.3227,2874.9727
416,2880.1453,2885.0627,417,N/A,N/A,N/A,417,audio delay,1,right,no early,hit,0,0,2881.9987,2883.1987,2883.1987,2883.2487,[],[],[],2880.6453,2880.6553,"[2883.4877, 2883.6251, 2883.7802, 2883.9344]",2881.3487,2881.9987
417,2887.3678,2892.2722,418,2.582,5.500,0.5000,418,audio delay,1,left,no early,hit,0,0,2889.2495,2890.4495,2890.4495,2890.4995,"[2890.6972, 2890.8018, 2890.9614, 2891.1044, 2891.2575]",2889.9498,2890.4498,2887.8678,2887.8778,[],2888.5995,2889.2495
418,2894.5842,2899.4603,419,2.670,5.500,0.5000,419,audio delay,1,left,no early,hit,0,0,2896.5541,2897.7541,2897.7541,2897.8041,"[2897.8853, 2897.988, 2898.1862, 2898.3386, 2898.4923]",2897.2542,2897.7542,2895.0842,2895.0942,[],2895.9041,2896.5541
419,2901.7715,2906.8424,420,N/A,N/A,N/A,420,audio delay,1,right,no early,hit,0,0,2903.8272,2905.0272,2905.0272,2905.0772,[],[],[],2902.2715,2902.2815,"[2905.2674, 2905.4014, 2905.5809]",2903.1772,2903.8272
420,2909.1528,2914.245,421,N/A,N/A,N/A,421,audio delay,1,right,no early,hit,0,0,2911.2018,2912.4018,2912.4018,2912.4518,[],[],[],2909.6528,2909.6628,"[2912.67, 2912.7817, 2912.9376]",2910.5518,2911.2018
421,2916.5645,2921.3851,422,N/A,N/A,N/A,422,audio delay,1,right,no early,ignore,0,0,2918.3851,2919.5851,2919.5851,2919.6351,[],[],[],2917.0645,2917.0745,[],2917.7351,2918.3851
422,2923.6929,2927.5227,423,N/A,N/A,N/A,423,audio delay,1,left,no early,miss,0,0,2925.536,2926.736,2926.736,2926.786,[],[],[],2924.1929,2924.2029,"[2927.0227, 2927.181, 2927.3551]",2924.886,2925.536
423,2929.8394,2933.8978,424,2.662,5.500,0.5000,424,audio delay,1,left,no early,miss,0,0,2931.8015,2933.0015,2933.0015,2933.0515,[],2932.5014,2933.0014,2930.3394,2930.3494,"[2933.3978, 2933.5697]",2931.1515,2931.8015
424,2936.2154,2941.2882,425,N/A,N/A,N/A,425,audio delay,1,left,no early,hit,0,0,2938.1987,2939.3987,2939.3987,2939.4487,"[2939.7132, 2940.1543, 2940.3808, 2940.5313, 2940.6873]",[],[],2936.7154,2936.7254,[],2937.5487,2938.1987
425,2943.6056,2948.5491,426,N/A,N/A,N/A,426,audio delay,1,left,no early,hit,0,0,2945.5895,2946.7895,2946.7895,2946.8395,"[2946.9741, 2947.1085, 2947.3303, 2947.4872, 2947.6386]",[],[],2944.1056,2944.1156,[],2944.9395,2945.5895
426,2950.8701,2955.9763,427,N/A,N/A,N/A,427,audio delay,1,right,no early,hit,0,0,2952.9188,2954.1188,2954.1188,2954.1688,[],[],[],2951.3701,2951.3801,"[2954.4013, 2954.5355, 2954.7389, 2954.8883]",2952.2688,2952.9188
427,2958.2908,2963.3457,428,N/A,N/A,N/A,428,audio delay,1,left,no early,ignore,0,0,2960.3457,2961.5457,2961.5457,2961.5957,[],[],[],2958.7908,2958.8008,[],2959.6957,2960.3457
428,2965.6708,2970.4923,429,N/A,N/A,N/A,429,audio delay,1,left,no early,ignore,0,0,2967.4923,2968.6923,2968.6923,2968.7423,[],[],[],2966.1708,2966.1808,[],2966.8423,2967.4923
429,2972.8155,2978.091,430,2.749,5.500,0.5000,430,audio delay,1,left,no early,hit,0,0,2974.8643,2976.0643,2976.0643,2976.1143,"[2976.516, 2976.6985, 2976.8902]",2975.5645,2976.0645,2973.3155,2973.3255,[],2974.2143,2974.8643
430,2980.4163,2984.4567,431,N/A,N/A,N/A,431,audio delay,1,right,no early,miss,0,0,2982.3524,2983.5524,2983.5524,2983.6024,2983.9567,[],[],2980.9163,2980.9263,[],2981.7024,2982.3524
431,2986.7802,2991.8289,432,N/A,N/A,N/A,432,audio delay,1,right,no early,ignore,0,0,2988.8289,2990.0289,2990.0289,2990.0789,[],[],[],2987.2802,2987.2902,[],2988.1789,2988.8289
432,2994.1569,2999.682,433,N/A,N/A,N/A,433,audio delay,1,right,no early,ignore,0,0,2996.082,2997.882,2997.882,2997.932,[],[],[],2994.6569,2994.6669,[],2995.432,2996.082
433,3002.0108,3006.1828,434,N/A,N/A,N/A,434,audio delay,1,right,no early,miss,0,0,3004.0644,3005.2644,3005.2644,3005.3144,3005.6828,[],[],3002.5108,3002.5208,[],3003.4144,3004.0644
434,3008.51,3013.7273,435,N/A,N/A,N/A,435,audio delay,1,left,no early,hit,0,0,3010.5685,3011.7685,3011.7685,3011.8185,"[3012.1523, 3012.2852, 3012.4632, 3012.6277]",[],[],3009.01,3009.02,[],3009.9185,3010.5685
435,3016.0599,3020.728,436,2.528,5.500,0.5000,436,audio delay,1,left,no early,hit,0,0,3017.8881,3019.0881,3019.0881,3019.1381,"[3019.153, 3019.267, 3019.4671, 3019.6188]",3018.5879,3019.0879,3016.5599,3016.5699,[],3017.2381,3017.8881
436,3023.0586,3027.8098,437,N/A,N/A,N/A,437,audio delay,1,left,no early,hit,0,0,3024.9551,3026.1551,3026.1551,3026.2051,"[3026.2348, 3026.352, 3026.5468, 3026.7052]",[],[],3023.5586,3023.5686,[],3024.3051,3024.9551
437,3030.1466,3034.007,438,2.518,5.500,0.5000,438,audio delay,1,right,no early,miss,0,0,3031.9645,3033.1645,3033.1645,3033.2145,"[3033.507, 3033.6683]",3032.6646,3033.1646,3030.6466,3030.6566,[],3031.3145,3031.9645
438,3036.8459,3040.8641,439,N/A,N/A,N/A,439,audio delay,1,right,no early,ignore,1,0,3038.6891,3038.9891,3038.9891,3039.0391,[],[],[],3037.3459,3037.3559,[],3038.0391,3038.6891
439,3043.2033,3048.2324,440,N/A,N/A,N/A,440,audio delay,1,left,no early,ignore,0,0,3045.2324,3046.4324,3046.4324,3046.4824,[],[],[],3043.7033,3043.7133,[],3044.5824,3045.2324
440,3050.5626,3055.5765,441,N/A,N/A,N/A,441,audio delay,1,left,no early,ignore,0,0,3052.5765,3053.7765,3053.7765,3053.8265,[],[],[],3051.0626,3051.0726,[],3051.9265,3052.5765
441,3057.9085,3062.0147,442,2.681,5.500,0.5000,442,audio delay,1,right,no early,miss,0,0,3059.889,3061.089,3061.089,3061.139,3061.5147,3060.5895,3061.0895,3058.4085,3058.4185,[],3059.239,3059.889
442,3065.4793,3070.3212,443,N/A,N/A,N/A,443,audio delay,1,right,no early,ignore,0,0,3067.3212,3068.5212,3068.5212,3068.5712,[],[],[],3065.9793,3065.9893,[],3066.6712,3067.3212
443,3072.6598,3077.6741,444,2.714,5.500,0.5000,444,audio delay,1,right,no early,ignore,0,0,3074.6741,3075.8741,3075.8741,3075.9241,[],3075.3738,3075.8738,3073.1598,3073.1698,[],3074.0241,3074.6741
444,3080.0144,3084.9172,445,N/A,N/A,N/A,445,audio delay,1,right,no early,ignore,0,0,3081.9172,3083.1172,3083.1172,3083.1672,[],[],[],3080.5144,3080.5244,[],3081.2672,3081.9172
445,3087.2549,3092.1702,446,N/A,N/A,N/A,446,audio delay,1,left,no early,ignore,0,0,3089.1702,3090.3702,3090.3702,3090.4202,[],[],[],3087.7549,3087.7649,[],3088.5202,3089.1702
446,3094.5103,3100.109,447,N/A,N/A,N/A,447,audio delay,1,right,no early,ignore,0,0,3096.509,3098.309,3098.309,3098.359,[],[],[],3095.0103,3095.0203,[],3095.859,3096.509
447,3102.4558,3107.3232,448,N/A,N/A,N/A,448,audio delay,1,right,no early,ignore,0,0,3104.3232,3105.5232,3105.5232,3105.5732,[],[],[],3102.9558,3102.9658,[],3103.6732,3104.3232
448,3109.6686,3114.5358,449,N/A,N/A,N/A,449,audio delay,1,right,no early,ignore,0,0,3111.5358,3112.7358,3112.7358,3112.7858,[],[],[],3110.1686,3110.1786,[],3110.8858,3111.5358
449,3117.3919,3122.3863,450,N/A,N/A,N/A,450,audio delay,1,right,no early,ignore,1,0,3119.3113,3120.5113,3120.5113,3120.5613,[],[],[],3117.8919,3117.9019,[],3118.6613,3119.3113
450,3124.7411,3129.5766,451,N/A,N/A,N/A,451,audio delay,1,left,no early,ignore,0,0,3126.5766,3127.7766,3127.7766,3127.8266,[],[],[],3125.2411,3125.2511,[],3125.9266,3126.5766
451,3131.9235,3136.9427,452,N/A,N/A,N/A,452,audio delay,1,right,no early,ignore,0,0,3133.9427,3135.1427,3135.1427,3135.1927,[],[],[],3132.4235,3132.4335,[],3133.2927,3133.9427
452,3139.2925,3144.3045,453,N/A,N/A,N/A,453,audio delay,1,right,no early,ignore,0,0,3141.3045,3142.5045,3142.5045,3142.5545,[],[],[],3139.7925,3139.8025,[],3140.6545,3141.3045
453,3146.6599,3151.6592,454,N/A,N/A,N/A,454,audio delay,1,right,no early,ignore,0,0,3148.6592,3149.8592,3149.8592,3149.9092,[],[],[],3147.1599,3147.1699,[],3148.0092,3148.6592
454,3154.0124,3158.9932,455,N/A,N/A,N/A,455,audio delay,1,right,no early,ignore,0,0,3155.9932,3157.1932,3157.1932,3157.2432,[],[],[],3154.5124,3154.5224,[],3155.3432,3155.9932
455,3161.3466,3166.3893,456,2.743,5.500,0.5000,456,audio delay,1,left,no early,ignore,0,0,3163.3893,3164.5893,3164.5893,3164.6393,[],3164.0896,3164.5896,3161.8466,3161.8566,[],3162.7393,3163.3893
456,3168.7476,3173.6183,457,N/A,N/A,N/A,457,audio delay,1,right,no early,ignore,0,0,3170.6183,3171.8183,3171.8183,3171.8683,[],[],[],3169.2476,3169.2576,[],3169.9683,3170.6183
457,3175.9709,3180.813,458,N/A,N/A,N/A,458,audio delay,1,left,no early,ignore,0,0,3177.813,3179.013,3179.013,3179.063,[],[],[],3176.4709,3176.4809,[],3177.163,3177.813
458,3183.1701,3188.0523,459,N/A,N/A,N/A,459,audio delay,1,left,no early,ignore,0,0,3185.0523,3186.2523,3186.2523,3186.3023,[],[],[],3183.6701,3183.6801,[],3184.4023,3185.0523
459,3190.4153,3195.2434,460,N/A,N/A,N/A,460,audio delay,1,right,no early,ignore,0,0,3192.2434,3193.4434,3193.4434,3193.4934,[],[],[],3190.9153,3190.9253,[],3191.5934,3192.2434
460,3198.1039,3203.2135,461,2.735,5.500,0.5000,461,audio delay,1,right,no early,ignore,1,0,3200.1385,3201.3385,3201.3385,3201.3885,[],3200.8389,3201.3389,3198.6039,3198.6139,[],3199.4885,3200.1385
